Product ID,Supplier ID,Product URL,Image URL,Price
0,0,https://www.blackdiamondequipment.com.au/collections/equipment-climb/products/mondo-crash-pad,www.blackdiamondequipment.com.au/cdn/shop/files/550007_0000_MONDO_CRASH_PAD_NO_COLOR_01_0445-600x600-950dd6f_400x.png?v=1720677139,679.99
1,0,https://www.blackdiamondequipment.com.au/collections/equipment-climb/products/solution-harness-womens,www.blackdiamondequipment.com.au/cdn/shop/files/651083_3057_W_SOLUTION_HARNESS_Desert_Sage_01_-600x600-950dd6f_400x.png?v=1710734522,159.99
2,0,https://www.blackdiamondequipment.com.au/collections/equipment-climb/products/solution-harness-mens,www.blackdiamondequipment.com.au/cdn/shop/files/651082_0003_M_SOLUTION_HARNESS_Carbon_01_-600x600-950dd6f_400x.png?v=1710734262,159.99
3,0,https://www.blackdiamondequipment.com.au/collections/equipment-climb/products/mojo-chalk-bag,www.blackdiamondequipment.com.au/cdn/shop/files/630154_4072_MOJO_CHALK_BAG_Glacier_01_0211-600x600-950dd6f_400x.png?v=1710740194,25.99
4,0,https://www.blackdiamondequipment.com.au/collections/equipment-climb/products/sewn-anchor-system,www.blackdiamondequipment.com.au/cdn/shop/files/380120_8001_SEWN_ANCHOR_SYSTEM_Octane_PRIMARY-600x600-950dd6f_400x.png?v=1724119366,52.99
5,0,https://www.blackdiamondequipment.com.au/collections/equipment-climb/products/beta-light-30-backpack,www.blackdiamondequipment.com.au/cdn/shop/files/680023_0040_BETALIGHT_30_BACKPACK_Storm_Gray_01_-600x600-950dd6f_400x.png?v=1714525857,509.99
6,0,https://www.blackdiamondequipment.com.au/collections/equipment-climb/products/stick-brush-set,www.blackdiamondequipment.com.au/cdn/shop/files/550853_0002_STICK_BRUSH_SET_BLACK_PRIMARY-600x600-950dd6f_400x.png?v=1720676635,89.99
7,0,https://www.blackdiamondequipment.com.au/collections/equipment-climb/products/gym-chalk-bag,www.blackdiamondequipment.com.au/cdn/shop/files/630139_1025_GYM_CHALK_BAG_Gray_Quilt_01_0223-600x600-950dd6f_400x.png?v=1710987119,49.99
8,0,https://www.blackdiamondequipment.com.au/collections/equipment-climb/products/erratic-crash-pad,www.blackdiamondequipment.com.au/cdn/shop/files/550009_0000_ERRATIC_CRASH_PAD_NO_COLOR_01_-600x600-950dd6f_400x.png?v=1720677679,599.99
9,0,https://www.blackdiamondequipment.com.au/collections/equipment-climb/products/momentum-harness-womens,www.blackdiamondequipment.com.au/cdn/shop/files/650006_6028_W_MOMENTUM_HARNESS_Baja_Sunrise_01_-600x600-950dd6f_400x.png?v=1710733757,119.99
10,0,https://www.blackdiamondequipment.com.au/collections/equipment-climb/products/momentum-harness-mens,www.blackdiamondequipment.com.au/cdn/shop/files/650005_4015_M_MOMENTUM_HARNESS_Kingfisher_01_-600x600-950dd6f_400x.png?v=1710733014,119.99
11,0,https://www.blackdiamondequipment.com.au/collections/equipment-climb/products/speed-step-pro-aider,www.blackdiamondequipment.com.au/cdn/shop/files/380005_0000_SPEED_STEP_PRO_AIDER_NO_COLOR_03_-600x600-bc87582_400x.jpg?v=1696579844,64.99
12,0,https://www.blackdiamondequipment.com.au/collections/equipment-climb/products/vapor-helmet,www.blackdiamondequipment.com.au/cdn/shop/files/620008_0002_VAPOR_HELMET_Black_01_-600x600-bc87582_400x.jpg?v=1696573174,219.99
13,0,https://www.blackdiamondequipment.com.au/collections/equipment-climb/products/method-s-climbing-shoes-mens,www.blackdiamondequipment.com.au/cdn/shop/files/570001_8001_M_METHOD_S_CLIMBING_SHOES_Octane_01_-600x600-bc87582_400x.jpg?v=1696574858,229.99
14,0,https://www.blackdiamondequipment.com.au/collections/equipment-climb/products/iad-gear-sling,www.blackdiamondequipment.com.au/cdn/shop/files/380001_0000_IAD_DOUBLE_GEAR_SLING_NO_COLOR_01_-600x600-bc87582_400x.jpg?v=1696574336,64.99
15,0,https://www.blackdiamondequipment.com.au/collections/equipment-climb/products/heavy-metal-gear-sling,www.blackdiamondequipment.com.au/cdn/shop/files/650003_0000_HEAVY_METAL_GEAR_SLING_NO_COLOR_01_-600x600-bc87582_1_400x.jpg?v=1696572405,159.99
16,0,https://www.blackdiamondequipment.com.au/collections/equipment-climb/products/stick-brush-replacement-10pk,www.blackdiamondequipment.com.au/cdn/shop/files/550856_0002_STICK_BRUSH_RPL_SMALL_10_PACK_BLACK_PRIMARY-600x600-950dd6f_400x.png?v=1720676861,99.99
17,0,https://www.blackdiamondequipment.com.au/collections/equipment-climb/products/wall-hauler-70-haul-bag,www.blackdiamondequipment.com.au/cdn/shop/files/810008_1016_WALL_HAULER_70_HAUL_BAG_Pewter_01_-600x600-bc87582_400x.jpg?v=1696572072,449.99
18,0,https://www.blackdiamondequipment.com.au/collections/equipment-climb/products/camalot-z4-bd26224,www.blackdiamondequipment.com.au/cdn/shop/files/camalotZ4-Spread_cce2fe3d-e901-42db-bdc2-103fd5bdc2de_400x.png?v=1693965384,174.99
19,0,https://www.blackdiamondequipment.com.au/collections/equipment-climb/products/offset-stopper,www.blackdiamondequipment.com.au/cdn/shop/files/225231_0000_OFFSETSTOPPER11_NOCOLOR_01_400x.png?v=1694137531,26.99
20,0,https://www.blackdiamondequipment.com.au/collections/equipment-climb/products/wired-hexentrics,www.blackdiamondequipment.com.au/cdn/shop/files/220229_0000_WIREDHEXENTRIC9_NOCOLOR_01_-600x600-950dd6f_400x.png?v=1694137061,28.99
21,0,https://www.blackdiamondequipment.com.au/collections/equipment-climb/products/camalot-ultralight-bd2621710000all1,www.blackdiamondequipment.com.au/cdn/shop/files/262164_0000_CAMALOTULTRALIGHT.4_NOCOLOR_02_3d98039b-c60d-47d1-909a-841e2af2968a_400x.png?v=1693964887,169.99
22,0,https://www.blackdiamondequipment.com.au/collections/equipment-climb/products/stoppers-bd2252010000all1,www.blackdiamondequipment.com.au/cdn/shop/files/use_BD2252110000ALL1a_051b2b72-a074-4c4e-98e4-dab4450f8cb5_400x.jpg?v=1693962443,24.99
23,0,https://www.blackdiamondequipment.com.au/collections/equipment-climb/products/wall-hauler-140-haul-bag,www.blackdiamondequipment.com.au/cdn/shop/files/810004_1016_WALL_HAULER_140_HAUL_BAG_Pewter_01_-600x600-bc87582_400x.jpg?v=1696571595,489.99
24,0,https://www.blackdiamondequipment.com.au/collections/equipment-climb/products/momentum-climbing-shoes-womens-past-season,www.blackdiamondequipment.com.au/cdn/shop/files/570106_9309_MOMENTUMWCLIMBSHOE_blackalloy_1_0c706765-7f9f-4895-a6a3-5c65198b7ccc_400x.png?v=1691572012,169.99
25,0,https://www.blackdiamondequipment.com.au/collections/equipment-climb/products/crag-gloves-past-season,www.blackdiamondequipment.com.au/cdn/shop/files/801863_0002_CRAGGLOVES_Black_3cbd62d5-8aa7-414c-b36b-0637c32bfdf3_400x.jpg?v=1691567114,39.99
26,0,https://www.blackdiamondequipment.com.au/collections/equipment-climb/products/atc-guide-belay-rappel-device-past-season,www.blackdiamondequipment.com.au/cdn/shop/files/use_BD6200460002ALL1a_c816972f-2294-4964-b843-556bbd60c891_400x.jpg?v=1691563985,54.99
27,0,https://www.blackdiamondequipment.com.au/collections/equipment-climb/products/pecker-pitons-past-season,www.blackdiamondequipment.com.au/cdn/shop/files/use_BD5202180000ALL1a_46c9cbbf-6926-494d-9c75-ba1dd1ff7b12_400x.jpg?v=1691563877,37.99
28,0,https://www.blackdiamondequipment.com.au/collections/equipment-climb/products/wall-hauler-40-haul-bag,www.blackdiamondequipment.com.au/cdn/shop/files/810003_1016_WALL_HAULER_40_HAUL_BAG_Pewter_01_-600x600-bc87582_400x.jpg?v=1696570987,349.99
29,0,https://www.blackdiamondequipment.com.au/collections/equipment-climb/products/hotforge-quickdraw-past-season,www.blackdiamondequipment.com.au/cdn/shop/files/381115_1004_HOTFORGEQUICKDRAW12cm_LightGray_9510a0d4-2941-4b46-b0e6-014f3f158184_400x.jpg?v=1691563781,37.99
30,0,https://www.blackdiamondequipment.com.au/collections/equipment-climb/products/camalot-c4-past-season,www.blackdiamondequipment.com.au/cdn/shop/files/use_BD2623150000ALL1a_00bf7448-e9fc-4777-bfc5-b5b7d58f900d_400x.jpg?v=1691563630,204.99
31,0,https://www.blackdiamondequipment.com.au/collections/equipment-climb/products/miniwire-carabiner-past-season,www.blackdiamondequipment.com.au/cdn/shop/files/210235_0002_MINIWIRECARABINER_BLACK_01_-1200x1200-28e5ebb_f0caaef6-9a60-4d5e-9d72-93e1f9d8d58d_400x.png?v=1691562615,12.99
32,0,https://www.blackdiamondequipment.com.au/collections/equipment-climb/products/litewire-carabiner-past-season,www.blackdiamondequipment.com.au/cdn/shop/files/210234_4005_LITEWIRECARABINER_BLUE_42c16e34-510b-464d-805e-c0ad2858b908_400x.jpg?v=1691562521,14.99
33,0,https://www.blackdiamondequipment.com.au/collections/equipment-climb/products/half-dome-helmet-past-season,www.blackdiamondequipment.com.au/cdn/shop/files/use_BD620209RAINS_M1a_ac13aadf-1048-4e89-a16d-f23801eff4a8_400x.jpg?v=1691561996,99.99
34,0,https://www.blackdiamondequipment.com.au/collections/equipment-climb/products/ultralight-ice-screw-past-season,www.blackdiamondequipment.com.au/cdn/shop/files/490334_0000_UltralightIceScrew22cm_605eae23-d151-4d83-9ad9-69c52b6fe10a_400x.jpg?v=1691561898,154.99
35,0,https://www.blackdiamondequipment.com.au/collections/equipment-climb/products/beta-light-45-backpack,www.blackdiamondequipment.com.au/cdn/shop/files/680024_0040_BETALIGHT_45_BACKPACK_Storm_Gray_01_-600x600-950dd6f_400x.png?v=1714527075,549.99
36,0,https://www.blackdiamondequipment.com.au/collections/equipment-climb/products/beta-light-satellite-bag,www.blackdiamondequipment.com.au/cdn/shop/files/680021_9309_BETALIGHT_PACK_SATTELITE_BAG_Black-Alloy_01_-600x600-950dd6f_400x.png?v=1710987691,59.99
37,0,https://www.blackdiamondequipment.com.au/collections/equipment-climb/products/18mm-nylon-daisy-chain-past-season,www.blackdiamondequipment.com.au/cdn/shop/files/use_BD390013GRAYALL1a_a06ff055-7eed-449e-abb0-b14ec42f6b0e_400x.jpg?v=1691561610,39.99
38,0,https://www.blackdiamondequipment.com.au/collections/equipment-climb/products/dynex-runners-past-season,www.blackdiamondequipment.com.au/cdn/shop/files/380021_0000_10MMDYNEXRUNNER30CM_NOCOLOR_01_ed2293ec-cfaa-4194-9ae6-42fee8afaf13_400x.png?v=1691561515,18.99
39,0,https://www.blackdiamondequipment.com.au/collections/equipment-climb/products/index-ascender,www.blackdiamondequipment.com.au/cdn/shop/files/620004_0002_INDEX_LEFT_BLACK_01_400x.jpg?v=1690257788,149.99
40,0,https://www.blackdiamondequipment.com.au/collections/equipment-climb/products/long-haul-harness,www.blackdiamondequipment.com.au/cdn/shop/files/650002_0000_LONG_HAUL_HARNESS_NO_COLOR_01_-1200x1200-bd93c0f_400x.jpg?v=1689064365,269.99
41,0,https://www.blackdiamondequipment.com.au/collections/equipment-climb/products/pursuit-30-backpack-womens,www.blackdiamondequipment.com.au/cdn/shop/files/680016_9493_W_PURSUIT_BACKPACK_30_L_Carbon_Foam_Green_01_-600x600-bc87582_400x.jpg?v=1684995030,229.99
42,0,https://www.blackdiamondequipment.com.au/collections/equipment-climb/products/pursuit-30-backpack,www.blackdiamondequipment.com.au/cdn/shop/files/680015_9494_PURSUIT_BACKPACK_30_L_Octane_Ink_Blue_01_-600x600-bc87582_400x.jpg?v=1684994195,229.99
43,0,https://www.blackdiamondequipment.com.au/collections/equipment-climb/products/pursuit-15-backpack-womens,www.blackdiamondequipment.com.au/cdn/shop/files/680014_9493_W_PURSUIT_BACKPACK_15_L_Carbon_Foam_Green_01_-600x600-bc87582_400x.jpg?v=1684993175,199.99
44,0,https://www.blackdiamondequipment.com.au/collections/equipment-climb/products/pursuit-15-backpack,www.blackdiamondequipment.com.au/cdn/shop/files/680009_9491_PURSUIT_BACKPACK_15_L_Carbon_Moab_Brown_01_-600x600-bc87582_400x.jpg?v=1684992585,199.99
45,0,https://www.blackdiamondequipment.com.au/collections/equipment-climb/products/pursuit-6-waist-pack,www.blackdiamondequipment.com.au/cdn/shop/files/680008_9494_PURSUIT_WAIST_PACK_6_L_Octane_Ink_Blue_01_-600x600-bc87582_400x.jpg?v=1684986844,99.99
46,0,https://www.blackdiamondequipment.com.au/collections/equipment-climb/products/circuit-crash-pad,www.blackdiamondequipment.com.au/cdn/shop/files/550813_8008_CIRCUIT_CRASH_PAD_Rust_Orange_01_-600x600-950dd6f_400x.png?v=1710985184,309.99
47,0,https://www.blackdiamondequipment.com.au/collections/equipment-climb/products/speed-40-backpack-bd681237,www.blackdiamondequipment.com.au/cdn/shop/products/681237_7006_SPEED_40_PACK_SULFUR_01_-800x800-dda5ad5_400x.jpg?v=1680078814,319.99
48,0,https://www.blackdiamondequipment.com.au/collections/equipment-climb/products/half-dome-helmet-past-season-1,www.blackdiamondequipment.com.au/cdn/shop/products/use_BD620209BDORS_M1a_400x.jpg?v=1691562044,99.99
49,0,https://www.blackdiamondequipment.com.au/collections/equipment-climb/products/speed-30-backpack-bd681238,www.blackdiamondequipment.com.au/cdn/shop/products/681238_7006_SPEED_30_PACK_SULFUR_01_-800x800-dda5ad5_400x.jpg?v=1680079156,309.99
50,0,https://www.blackdiamondequipment.com.au/collections/equipment-climb/products/blitz-28-backpack-bd681247,www.blackdiamondequipment.com.au/cdn/shop/products/681247_1000_BLITZ_28_PACK_ALLOY_01_-800x800-dda5ad5_400x.jpg?v=1680138405,174.99
51,0,https://www.blackdiamondequipment.com.au/collections/equipment-climb/products/speedaisy-bd620007,www.blackdiamondequipment.com.au/cdn/shop/files/620007_8001_SPEEDAISY_OCTANE_01_400x.jpg?v=1696578349,109.99
52,0,https://www.blackdiamondequipment.com.au/collections/equipment-climb/products/capitan-helmet-bd620221,www.blackdiamondequipment.com.au/cdn/shop/products/620221_9296_CAPTAINHELMET_AstralBlack_1-1200x1200-cb0e6d2_400x.png?v=1670830559,119.99
53,0,https://www.blackdiamondequipment.com.au/collections/equipment-climb/products/couloir-harness-bd651155,www.blackdiamondequipment.com.au/cdn/shop/products/651155_9103_COULOIR-HARNESS_ULTRA-BLUE-BLACK_01_-1200x1200-cb0e6d2_400x.jpg?v=1670218722,159.99
54,0,https://www.blackdiamondequipment.com.au/collections/equipment-climb/products/18mm-nylon-runner-bd380114,www.blackdiamondequipment.com.au/cdn/shop/products/380114_5000_240CMNYLONSLING_PURPLE_01_-720x720-8ab5165_400x.png?v=1648190888,29.99
55,0,https://www.blackdiamondequipment.com.au/collections/equipment-climb/products/stone-45-backpack,www.blackdiamondequipment.com.au/cdn/shop/files/681180_0003_STONE_45_BACKPACK_Carbon_01_-600x600-950dd6f_400x.png?v=1710987976,269.99
56,0,https://www.blackdiamondequipment.com.au/collections/equipment-climb/products/nut-tool-bd620060,www.blackdiamondequipment.com.au/cdn/shop/products/use_BD6200600000ALL1a_400x.jpg?v=1648198835,26.99
57,0,https://www.blackdiamondequipment.com.au/collections/equipment-climb/products/super-chute-rope-bag,www.blackdiamondequipment.com.au/cdn/shop/files/359991_0002_SUPER_CHUTE_ROPE_BAG_Black_01_-600x600-950dd6f_400x.png?v=1710987413,89.99
58,0,https://www.blackdiamondequipment.com.au/collections/equipment-climb/products/10mm-dynex-runner-bd380119,www.blackdiamondequipment.com.au/cdn/shop/products/380119_5000_10MMDYNEXRUNNER240CM_PURPLE_01_-720x720-8ab5165_400x.png?v=1648193325,52.99
59,0,https://www.blackdiamondequipment.com.au/collections/equipment-climb/products/atc-guide-alpine-bd620047,www.blackdiamondequipment.com.au/cdn/shop/products/620047_3011_ATCALPINEGUIDE_ENVYGREEN_01_400x.png?v=1646969095,54.99
60,0,https://www.blackdiamondequipment.com.au/collections/equipment-climb/products/speed-step-aider,www.blackdiamondequipment.com.au/cdn/shop/files/380004_0000_SPEED_STEP_AIDER_NO_COLOR_01_400x.jpg?v=1696579609,54.99
61,0,https://www.blackdiamondequipment.com.au/collections/equipment-climb/products/10mm-dynex-dogbone-12cm-3-pack-bd380100,www.blackdiamondequipment.com.au/cdn/shop/products/380100_0000_10MMDYNEXDOGBONE12CM3PACK_NOCOLOR_01_-720x720-8ab5165_400x.png?v=1646724791,34.99
62,0,https://www.blackdiamondequipment.com.au/collections/equipment-climb/products/standard-dogbone-12cm-6-pack-bd380104,www.blackdiamondequipment.com.au/cdn/shop/products/380104_0000_STANDARDDOGBONE12CM6PACK_NOCOLOR_01_-720x720-8ab5165_400x.png?v=1646806676,46.99
63,0,https://www.blackdiamondequipment.com.au/collections/equipment-climb/products/bosuns-chair-bd810460,www.blackdiamondequipment.com.au/cdn/shop/products/use_BD8104600000ALL1a_400x.jpg?v=1639717561,129.99
64,0,https://www.blackdiamondequipment.com.au/collections/equipment-climb/products/zion-145-haul-bag-bd810280,www.blackdiamondequipment.com.au/cdn/shop/products/use_BD8102800000ALL1a_400x.jpg?v=1639717584,479.99
65,0,https://www.blackdiamondequipment.com.au/collections/equipment-climb/products/forearm-trainer-bd800150,www.blackdiamondequipment.com.au/cdn/shop/products/use_BD8001500000ALL1a_400x.jpg?v=1639717532,16.99
66,0,https://www.blackdiamondequipment.com.au/collections/equipment-climb/products/perch-double-portaledge,www.blackdiamondequipment.com.au/cdn/shop/files/810000_0000_PERCH_DOUBLE_PORTALEDGE_NO_COLOR_01_-600x600-bc87582_400x.jpg?v=1696578958,"1,239.00"
67,0,https://www.blackdiamondequipment.com.au/collections/equipment-climb/products/pipe-dream-45-pack-ondra-edition-bd681159,www.blackdiamondequipment.com.au/cdn/shop/products/681159_0002_PIPEDREAM45PACK_BLACK_01_-600x600-950dd6f_400x.png?v=1680061751,269.99
68,0,https://www.blackdiamondequipment.com.au/collections/equipment-climb/products/padded-gear-sling-bd660012,www.blackdiamondequipment.com.au/cdn/shop/products/660012_0000_PADDEDGEARSLING_NOCOLOR_01_400x.png?v=1640162603,34.99
69,0,https://www.blackdiamondequipment.com.au/collections/equipment-climb/products/vario-speed-harness-bd650075,www.blackdiamondequipment.com.au/cdn/shop/products/650075_KFSH_VARIOSPEEDHARNESS_KINGFISHER_01_400x.png?v=1640162222,129.99
70,0,https://www.blackdiamondequipment.com.au/collections/equipment-climb/products/vario-chest-harness-bd650074,www.blackdiamondequipment.com.au/cdn/shop/products/use_BD650074BLAKALL1a_400x.jpg?v=1639717553,99.99
71,0,https://www.blackdiamondequipment.com.au/collections/equipment-climb/products/link-personal-anchor-system-bd630151,www.blackdiamondequipment.com.au/cdn/shop/products/use_BD6301510000ALL1a_400x.jpg?v=1639717583,94.99
72,0,https://www.blackdiamondequipment.com.au/collections/equipment-climb/products/mondo-chalk-pot-bd630145,www.blackdiamondequipment.com.au/cdn/shop/files/mondo-chalk-pot_400x.jpg?v=1692584552,44.99
73,0,https://www.blackdiamondequipment.com.au/collections/equipment-climb/products/atc-pilot-bd620078,www.blackdiamondequipment.com.au/cdn/shop/products/use_BD620078BLAKALL1a_400x.jpg?v=1639717575,92.99
74,0,https://www.blackdiamondequipment.com.au/collections/equipment-climb/products/wiregate-nut-tool-bd620062,www.blackdiamondequipment.com.au/cdn/shop/products/620062_BLAK_WiregateNuteTool_BLACK_1_400x.png?v=1640161841,32.99
75,0,https://www.blackdiamondequipment.com.au/collections/equipment-climb/products/fifi-hook-bd620065,www.blackdiamondequipment.com.au/cdn/shop/products/use_BD6200650000ALL1a_400x.jpg?v=1639717551,32.99
76,0,https://www.blackdiamondequipment.com.au/collections/equipment-climb/products/pulley-bd620020,www.blackdiamondequipment.com.au/cdn/shop/products/use_BD6200200000ALL1a_400x.jpg?v=1639717545,52.99
77,0,https://www.blackdiamondequipment.com.au/collections/equipment-climb/products/rotor-swivel-bd620005,www.blackdiamondequipment.com.au/cdn/shop/products/use_BD6200050000ALL1a_400x.jpg?v=1639717559,99.99
78,0,https://www.blackdiamondequipment.com.au/collections/equipment-climb/products/rope-marker-bd550858,www.blackdiamondequipment.com.au/cdn/shop/products/550858_0000_ROPE_MARKER_NO_COLOR_2_400x.png?v=1639717568,16.99
79,0,https://www.blackdiamondequipment.com.au/collections/equipment-climb/products/mondo-crash-pad-bd550803,www.blackdiamondequipment.com.au/cdn/shop/products/550803_0000_MONDOCRASHPAD_NOCOLOR_01_400x.png?v=1640161625,779.99
80,0,https://www.blackdiamondequipment.com.au/collections/equipment-climb/products/climbing-tape-roll-split-bd550522,www.blackdiamondequipment.com.au/cdn/shop/products/use_BD5505220000ALL1a_400x.jpg?v=1639717573,8.99
81,0,https://www.blackdiamondequipment.com.au/collections/equipment-climb/products/climbing-tape-roll-full-bd550521,www.blackdiamondequipment.com.au/cdn/shop/products/use_BD5505210000ALL1a_400x.jpg?v=1639717550,8.99
82,0,https://www.blackdiamondequipment.com.au/collections/equipment-climb/products/skin-maintenance-kit-bd550517,www.blackdiamondequipment.com.au/cdn/shop/products/550517_0002_SKINMAINTENANCEKIT_BLACK_01_400x.png?v=1640242668,42.99
83,0,https://www.blackdiamondequipment.com.au/collections/equipment-climb/products/non-refillable-white-gold-chalk-shot-bd550504,www.blackdiamondequipment.com.au/cdn/shop/products/550504_0000_WHITEGOLDNONREFILLABLECHALKSHOT_NOCOLOR_01_400x.png?v=1640075186,10.99
84,0,https://www.blackdiamondequipment.com.au/collections/equipment-climb/products/56g-white-gold-chalk-block-bd550499,www.blackdiamondequipment.com.au/cdn/shop/products/550499_0000_WHITEGOLDBLOCKCHALK_NOCOLOR_01_400x.png?v=1640075145,4.99
85,0,https://www.blackdiamondequipment.com.au/collections/equipment-climb/products/refillable-white-gold-chalk-shot-bd550498,www.blackdiamondequipment.com.au/cdn/shop/products/550498_0000_WHITEGOLDREFILLABLECHALKSHOT_NOCOLOR_01_400x.png?v=1640075227,11.99
86,0,https://www.blackdiamondequipment.com.au/collections/equipment-climb/products/liquid-white-gold-chalk-bd550493,www.blackdiamondequipment.com.au/cdn/shop/products/550493_0000_LIQUIDWHITEGOLDCHALK150ML_NOCOLOR_01_400x.png?v=1640075274,32.99
87,0,https://www.blackdiamondequipment.com.au/collections/equipment-climb/products/cliffhanger-hook-bd520220,www.blackdiamondequipment.com.au/cdn/shop/products/use_BD5202200000ALL1a_400x.jpg?v=1639717552,24.99
88,0,https://www.blackdiamondequipment.com.au/collections/equipment-climb/products/talon-hook-bd520200,www.blackdiamondequipment.com.au/cdn/shop/products/use_BD5202000000ALL1a_400x.jpg?v=1639717541,37.99
89,0,https://www.blackdiamondequipment.com.au/collections/equipment-climb/products/stick-brush-replacement,www.blackdiamondequipment.com.au/cdn/shop/files/550854_0002_STICK_BRUSH_RPL_SMALL_BLACK_PRIMARY-600x600-950dd6f_400x.png?v=1724119147,21.99
90,0,https://www.blackdiamondequipment.com.au/collections/equipment-climb/products/axe-protector-bd413000,www.blackdiamondequipment.com.au/cdn/shop/products/use_BD4130000000ALL1a_400x.jpg?v=1639717529,18.99
91,0,https://www.blackdiamondequipment.com.au/collections/equipment-climb/products/viper-ice-tool-bd412085,www.blackdiamondequipment.com.au/cdn/shop/products/412086_0000_VIPERADZE_NOCOLOR_01_400x.png?v=1678781848,449.99
92,0,https://www.blackdiamondequipment.com.au/collections/equipment-climb/products/contact-crampons-bd400069,www.blackdiamondequipment.com.au/cdn/shop/products/use_BD4000690000ALL1a_400x.jpg?v=1639717579,299.99
93,0,https://www.blackdiamondequipment.com.au/collections/equipment-climb/products/10mm-dynex-dogbone,www.blackdiamondequipment.com.au/cdn/shop/files/380101_0000_10MMDYNEXDOGBONE16CM3PACK_NOCOLOR_01_-600x600-950dd6f_400x.png?v=1694138650,39.99
94,0,https://www.blackdiamondequipment.com.au/collections/equipment-climb/products/miniwire-rackpack-bd381129,www.blackdiamondequipment.com.au/cdn/shop/products/381129_0000_MINIWIRERACKPACK_NOCOLOR_400x.jpg?v=1639717538,74.99
95,0,https://www.blackdiamondequipment.com.au/collections/equipment-climb/products/litewire-rackpack-bd381127,www.blackdiamondequipment.com.au/cdn/shop/products/381127_0000_LITEWIRERACKPACK_NOCOLOR_400x.jpg?v=1639717579,84.99
96,0,https://www.blackdiamondequipment.com.au/collections/equipment-climb/products/hotforge-quickpack-12-cm-bd381122,www.blackdiamondequipment.com.au/cdn/shop/products/381122_1004_HOTFORGEQUICKPACK12cm_LightGray_400x.jpg?v=1639717576,219.99
97,0,https://www.blackdiamondequipment.com.au/collections/equipment-climb/products/9-2-climbing-rope-60m-bd323114,www.blackdiamondequipment.com.au/cdn/shop/products/323114_8002_9.2_ROPE_60m_Orange_1_400x.png?v=1639717553,409.99
98,0,https://www.blackdiamondequipment.com.au/collections/equipment-climb/products/offset-stopper-set-7-11-bd225235,www.blackdiamondequipment.com.au/cdn/shop/products/use_BD2252350000ALL1a_400x.jpg?v=1639717553,129.99
99,0,https://www.blackdiamondequipment.com.au/collections/equipment-climb/products/stopper-set-no-4-13-bd225215,www.blackdiamondequipment.com.au/cdn/shop/products/use_BD2252150000ALL1a_400x.jpg?v=1639717547,259.99
100,0,https://www.blackdiamondequipment.com.au/collections/equipment-climb/products/stopper-set-classic-5-11-bd225123,www.blackdiamondequipment.com.au/cdn/shop/products/use_BD2251230000ALL1a_400x.jpg?v=1639717570,179.99
101,0,https://www.blackdiamondequipment.com.au/collections/equipment-climb/products/stopper-set-pro-s17-no-1-13-bd225122,www.blackdiamondequipment.com.au/cdn/shop/products/use_BD2251220000ALL1a_400x.jpg?v=1639717538,319.99
102,0,https://www.blackdiamondequipment.com.au/collections/equipment-climb/products/wired-hexentricr-nut-set-no-4-10-2017-bd220235,www.blackdiamondequipment.com.au/cdn/shop/products/use_BD2202350000ALL1a_400x.jpg?v=1639717533,189.99
103,0,https://www.blackdiamondequipment.com.au/collections/equipment-climb/products/gridlock-screwgate-carabiner-bd210278,www.blackdiamondequipment.com.au/cdn/shop/products/use_BD2102780000ALL1a_400x.jpg?v=1639717581,44.99
104,0,https://www.blackdiamondequipment.com.au/collections/equipment-climb/products/vaporlock-screwgate-carabiner-bd210277,www.blackdiamondequipment.com.au/cdn/shop/products/use_BD2102770000ALL1a_400x.jpg?v=1639717527,32.99
105,0,https://www.blackdiamondequipment.com.au/collections/equipment-climb/products/sabretooth-clip-bd4000440000all1-bd,www.blackdiamondequipment.com.au/cdn/shop/products/400045_0000_SABRETOOTHPROCRAMPONS_NOCOLOR_01_400x.png?v=1640161291,349.99
106,0,https://www.blackdiamondequipment.com.au/collections/equipment-climb/products/technician-harness-womens-bd651092,www.blackdiamondequipment.com.au/cdn/shop/products/651092_4040_WTECHNICIANHARNESS_BLUENOTE_01_400x.png?v=1640162564,174.99
107,0,https://www.blackdiamondequipment.com.au/collections/equipment-climb/products/half-dome-helmet-bd620209,www.blackdiamondequipment.com.au/cdn/shop/files/620209_8001_HALF_DOME_HELMET_Octane_PRIMARY-600x600-950dd6f_400x.png?v=1724124196,99.99
108,0,https://www.blackdiamondequipment.com.au/collections/equipment-climb/products/technician-harness-mens-bd651091,www.blackdiamondequipment.com.au/cdn/shop/products/651091_4030_MTECHNICIANHARNESS_STORMBLUE_01__1_400x.png?v=1640065903,174.99
109,0,https://www.blackdiamondequipment.com.au/collections/equipment-climb/products/momentum-climbing-shoes-kids-bd570151,www.blackdiamondequipment.com.au/cdn/shop/products/570151_3011_K_MOMENTUM_CLIMB_SHOES_ENVY_GREEN_01_400x.png?v=1639717491,129.99
110,0,https://www.blackdiamondequipment.com.au/collections/equipment-climb/products/crag-gloves-bd801863,www.blackdiamondequipment.com.au/cdn/shop/products/801863_0002_CRAGGLOVES_Black_400x.jpg?v=1639717542,39.99
111,0,https://www.blackdiamondequipment.com.au/collections/equipment-climb/products/jivewires-accessory-carabiner-bd8001900000all1-bd,www.blackdiamondequipment.com.au/cdn/shop/products/use_BD8001950000ALL1a_400x.jpg?v=1639717116,3.99
112,0,https://www.blackdiamondequipment.com.au/collections/equipment-climb/products/stone-42-duffel-bd681158,www.blackdiamondequipment.com.au/cdn/shop/products/681158_NCKL_STONEDUFFEL45_NICKEL_01_400x.png?v=1640162675,159.99
113,0,https://www.blackdiamondequipment.com.au/collections/equipment-climb/products/stonehauler-90l-duffel-bd680089,www.blackdiamondequipment.com.au/cdn/shop/products/680089_0002_STONEHAULER_90L_DUFFEL_Black_2_400x.png?v=1680156930,299.99
114,0,https://www.blackdiamondequipment.com.au/collections/equipment-climb/products/zone-harness-womens-bd651160,www.blackdiamondequipment.com.au/cdn/shop/products/651160_8001_ZONEHARNESSW_Octane_1_400x.png?v=1640065705,164.99
115,0,https://www.blackdiamondequipment.com.au/collections/equipment-climb/products/zone-harness-mens-bd651159,www.blackdiamondequipment.com.au/cdn/shop/products/651159_7006_ZONEHARNESSM_Sulphur_1_400x.png?v=1640065758,164.99
116,0,https://www.blackdiamondequipment.com.au/collections/equipment-climb/products/momentum-harness-kids-full-body-bd651109,www.blackdiamondequipment.com.au/cdn/shop/products/651109_4004_MOMENTUMHARNESS-KIDSFLBODY_Azul_front_400x.jpg?v=1639717059,149.99
117,0,https://www.blackdiamondequipment.com.au/collections/equipment-climb/products/airnet-harness-womens-bd651108,www.blackdiamondequipment.com.au/cdn/shop/products/651108_9139_WAIRNETHARNESS_BLACKAQUAVERDE_01_400x.png?v=1639986013,319.99
118,0,https://www.blackdiamondequipment.com.au/collections/equipment-climb/products/airnet-harness-mens-bd651107,www.blackdiamondequipment.com.au/cdn/shop/products/651107_9086_MAIRNETHARNESS_BLACKWHITE_01_400x.png?v=1639985962,319.99
119,0,https://www.blackdiamondequipment.com.au/collections/equipment-climb/products/momentum-4s-harness-bd651106,www.blackdiamondequipment.com.au/cdn/shop/products/651106_0001_MOMENTUM4SHARNESS_Anthracite_400x.jpg?v=1639717584,149.99
120,0,https://www.blackdiamondequipment.com.au/collections/equipment-climb/products/momentum-harness-kids-bd651103,www.blackdiamondequipment.com.au/cdn/shop/products/651103_4015_MOMENTUMHARNESS-KIDS_Kingfisher_400x.jpg?v=1639717056,99.99
121,0,https://www.blackdiamondequipment.com.au/collections/equipment-climb/products/momentum-harness-womens-bd651102,www.blackdiamondequipment.com.au/cdn/shop/products/651102_3019_MOMENTUMHARNESS-WOMENS_AquaVerde_400x.jpg?v=1639717527,129.99
122,0,https://www.blackdiamondequipment.com.au/collections/equipment-climb/products/solution-harness-womens-bd651083,www.blackdiamondequipment.com.au/cdn/shop/products/651083_1016_SOLUTION_HARNESS_W__Pewter_1_400x.png?v=1639717048,164.99
123,0,https://www.blackdiamondequipment.com.au/collections/equipment-climb/products/solution-harness-mens-bd651082,www.blackdiamondequipment.com.au/cdn/shop/products/651082_4002_SOLUTION_HARNESS_M__Astral_Blue_1_400x.png?v=1639717047,164.99
124,0,https://www.blackdiamondequipment.com.au/collections/equipment-climb/products/momentum-harness-mens-bd651101,www.blackdiamondequipment.com.au/cdn/shop/products/651101_0001_MOMENTUMHARNESS-MENS_Anthracite_400x.jpg?v=1639992245,129.99
125,0,https://www.blackdiamondequipment.com.au/collections/equipment-climb/products/bod-harness-bd6500200000m_1-bd,www.blackdiamondequipment.com.au/cdn/shop/products/650020_0000_BODHARNESS_NOCOLOR_01_400x.png?v=1640162103,124.99
126,0,https://www.blackdiamondequipment.com.au/collections/equipment-climb/products/mojo-zip-chalk-bag-bd630155,www.blackdiamondequipment.com.au/cdn/shop/files/630155_6044_MOJO_ZIP_CHALK_BAG_Burnt_Sienna_01_0203-600x600-950dd6f_400x.png?v=1710739973,29.99
127,0,https://www.blackdiamondequipment.com.au/collections/equipment-climb/products/mojo-chalk-bag-bd630154_cfg,www.blackdiamondequipment.com.au/cdn/shop/files/630154_4072_MOJO_CHALK_BAG_Glacier_01_0211-600x600-950dd6f_400x.png?v=1710740194,25.99
128,0,https://www.blackdiamondequipment.com.au/collections/equipment-climb/products/gym-chalk-bag-bd6301390,www.blackdiamondequipment.com.au/cdn/shop/products/630139_0021_GYM_CHALK_BAG_Cam_Lobe_Print_2_400x.png?v=1716356153,49.99
129,0,https://www.blackdiamondequipment.com.au/collections/equipment-climb/products/vision-helmet-mips-bd620218,www.blackdiamondequipment.com.au/cdn/shop/products/620218_0002_VISIONHELMET-MIPS_Black_400x.jpg?v=1639977238,299.99
130,0,https://www.blackdiamondequipment.com.au/collections/equipment-climb/products/vision-helmet-bd620217,www.blackdiamondequipment.com.au/cdn/shop/files/620217_6002_VISIONHELMET_HyperRed-600x540-638912e_400x.jpg?v=1717990402,179.99
131,0,https://www.blackdiamondequipment.com.au/collections/equipment-climb/products/vector-helmet-bd620213,www.blackdiamondequipment.com.au/cdn/shop/products/620213_9137_VECTORHELMET_Alloy-Octane_400x.jpg?v=1639716866,159.99
132,0,https://www.blackdiamondequipment.com.au/collections/equipment-climb/products/atc-xp-belayrappel-device-bd620075blakall1-bd,www.blackdiamondequipment.com.au/cdn/shop/products/use_BD620075BLUEALL1a_400x.jpg?v=1639716857,42.99
133,0,https://www.blackdiamondequipment.com.au/collections/equipment-climb/products/atc-belayrappel-device-bd620073,www.blackdiamondequipment.com.au/cdn/shop/products/use_BD620073BLAKALL1a_400x.jpg?v=1678776087,39.99
134,0,https://www.blackdiamondequipment.com.au/collections/equipment-climb/products/atc-guide-belayrappel-device-bd620046_cfg,www.blackdiamondequipment.com.au/cdn/shop/products/use_BD6200460001ALL1a_400x.jpg?v=1686019962,54.99
135,0,https://www.blackdiamondequipment.com.au/collections/equipment-climb/products/shadow-lv-climbing-shoes-bd570117,www.blackdiamondequipment.com.au/cdn/shop/products/570117_0002_SHADOWLVCLIMBINGSHOE_Black_3qtr_400x.jpg?v=1639716703,329.99
136,0,https://www.blackdiamondequipment.com.au/collections/equipment-climb/products/momentum-climbing-shoes-womens-bd5701069,www.blackdiamondequipment.com.au/cdn/shop/products/570106_9309_MOMENTUMWCLIMBSHOE_blackalloy_1_400x.png?v=1639978879,169.99
137,0,https://www.blackdiamondequipment.com.au/collections/equipment-climb/products/momentum-climbing-shoes-mens-bd5701019,www.blackdiamondequipment.com.au/cdn/shop/products/570101_9308_MOMENTUM_M_CLIMB_SHOE_white_black_1_400x.png?v=1639716436,169.99
138,0,https://www.blackdiamondequipment.com.au/collections/equipment-climb/products/small-bouldering-brush-bd550852_cfg,www.blackdiamondequipment.com.au/cdn/shop/products/use_BD5508528002ALL1a_400x.jpg?v=1640230505,14.99
139,0,https://www.blackdiamondequipment.com.au/collections/equipment-climb/products/medium-bouldering-brush-bd550851_cfg,www.blackdiamondequipment.com.au/cdn/shop/products/use_BD5508510002ALL1a_400x.jpg?v=1639716415,19.99
140,0,https://www.blackdiamondequipment.com.au/collections/equipment-climb/products/uncut-white-gold-pure-chalk-bd550502,www.blackdiamondequipment.com.au/cdn/shop/products/550503_0000_200GWHITEGOLDLOOSECHALK_NOCOLOR_01_400x.png?v=1640074979,25.99
141,0,https://www.blackdiamondequipment.com.au/collections/equipment-climb/products/ultralight-ice-screw-bd49033,www.blackdiamondequipment.com.au/cdn/shop/products/490332_0000_UltralightIceScrew16cm_400x.jpg?v=1691561950,154.99
142,0,https://www.blackdiamondequipment.com.au/collections/equipment-climb/products/express-ice-screw-bd4902100000all1-bd,www.blackdiamondequipment.com.au/cdn/shop/products/490216_0000_EXPRESSICESCREW16CM_NOCOLOR_01_400x.png?v=1678783070,109.99
143,0,https://www.blackdiamondequipment.com.au/collections/equipment-climb/products/venom-hammer-bd412102,www.blackdiamondequipment.com.au/cdn/shop/products/412102_0000_VENOMHAMMER_NOCOLOR_02_400x.png?v=1640073573,319.99
144,0,https://www.blackdiamondequipment.com.au/collections/equipment-climb/products/venom-adze-bd412101,www.blackdiamondequipment.com.au/cdn/shop/products/412101_0000_VENOMADZE_NOCOLOR_01_400x.png?v=1640073525,289.99
145,0,https://www.blackdiamondequipment.com.au/collections/equipment-climb/products/raven-pro-ice-axe-75-cm-bd410171,www.blackdiamondequipment.com.au/cdn/shop/products/410171_0000_RAVENPROICEAXE75CM_NOCOLOR_GLAM1_400x.png?v=1639716301,219.99
146,0,https://www.blackdiamondequipment.com.au/collections/equipment-climb/products/raven-ice-axe-with-grip-75-cm-bd410169,www.blackdiamondequipment.com.au/cdn/shop/products/410169_0000_RAVENICEAXEWITHGRIP75cm_NOCOLOR_400x.png?v=1639716297,229.99
147,0,https://www.blackdiamondequipment.com.au/collections/equipment-climb/products/12mm-dynex-daisy-chain-bd39002,www.blackdiamondequipment.com.au/cdn/shop/products/use_BD390028RED0ALL1a_400x.jpg?v=1639716288,109.99
148,0,https://www.blackdiamondequipment.com.au/collections/equipment-climb/products/team-stone-42-duffel,www.blackdiamondequipment.com.au/cdn/shop/files/681261_8001_TEAM_STONE_42_DUFFEL_Octane_01_-600x600-950dd6f_400x.png?v=1710988201,139.99
149,0,https://www.blackdiamondequipment.com.au/collections/equipment-climb/products/18mm-nylon-daisy-chain-bd39001,www.blackdiamondequipment.com.au/cdn/shop/products/use_BD390013GRAYALL1a_400x.jpg?v=1639716276,46.99
150,0,https://www.blackdiamondequipment.com.au/collections/equipment-climb/products/pearlock-screwgate-carabiner-bd381134,www.blackdiamondequipment.com.au/cdn/shop/products/381134_0002_PEARLOCK_SCRWGT_BINER_Black_1_400x.png?v=1639716283,26.99
151,0,https://www.blackdiamondequipment.com.au/collections/equipment-climb/products/hotforge-hybrid-quickpack-bd381123,www.blackdiamondequipment.com.au/cdn/shop/products/381123_4005_HOTFORGEHYBRIDQUICKPACK12cm_Blue_400x.jpg?v=1639716281,214.99
152,0,https://www.blackdiamondequipment.com.au/collections/equipment-climb/products/hotforge-hybrid-quickdraw-bd381117,www.blackdiamondequipment.com.au/cdn/shop/products/381117_4005_HOTFORGEHYBRIDQUICKDRAW12cm_Blue_400x.jpg?v=1639716279,35.99
153,0,https://www.blackdiamondequipment.com.au/collections/equipment-climb/products/hotforge-quickdraw-bd381115,www.blackdiamondequipment.com.au/cdn/shop/products/381115_1004_HOTFORGEQUICKDRAW12cm_LightGray_400x.jpg?v=1639717549,38.99
154,0,https://www.blackdiamondequipment.com.au/collections/equipment-climb/products/pecker-pitons-bd5202160000all1-bd,www.blackdiamondequipment.com.au/cdn/shop/products/use_BD5202180000ALL1a_400x.jpg?v=1639716337,37.99
155,0,https://www.blackdiamondequipment.com.au/collections/equipment-climb/products/raven-ice-axe-90-cm-bd410168,www.blackdiamondequipment.com.au/cdn/shop/products/410168_0000_RAVENICEAXE90cm_NOCOLOR_400x.png?v=1639716295,189.99
156,0,https://www.blackdiamondequipment.com.au/collections/equipment-climb/products/nylon-runners-bd3800260000all1-bd,www.blackdiamondequipment.com.au/cdn/shop/products/380025_0000_18MMNYLONRUNNER30CM_NOCOLOR_02_400x.png?v=1640232573,8.99
157,0,https://www.blackdiamondequipment.com.au/collections/equipment-climb/products/dynex-runners-bd3800220000all1-bd,www.blackdiamondequipment.com.au/cdn/shop/products/use_BD3800210000ALL1a_400x.jpg?v=1640235567,21.99
158,0,https://www.blackdiamondequipment.com.au/collections/equipment-climb/products/10-2-climbing-rope-bd323043,www.blackdiamondequipment.com.au/cdn/shop/products/323043_TRIB_10.2ROPE_TRIBLUE_01_400x.png?v=1640224909,409.99
159,0,https://www.blackdiamondequipment.com.au/collections/equipment-climb/products/9-9-climbing-rope-bd323040,www.blackdiamondequipment.com.au/cdn/shop/products/323040_DUBL_9.9ROPE_DUALBLUE_01_400x.png?v=1640224857,349.99
160,0,https://www.blackdiamondequipment.com.au/collections/equipment-climb/products/9-4-climbing-rope-bd323021,www.blackdiamondequipment.com.au/cdn/shop/products/use_BD323021GOLD0701a_400x.jpg?v=1639716239,399.99
161,0,https://www.blackdiamondequipment.com.au/collections/equipment-climb/products/camalot-c4-bd2623_cfg,www.blackdiamondequipment.com.au/cdn/shop/products/262303_0000_CAMALOTC4.3_NOCOLOR_Group_400x.png?v=1640073474,149.99
162,0,https://www.blackdiamondequipment.com.au/collections/equipment-climb/products/hotforge-screwgate-carabiner-bd210161,www.blackdiamondequipment.com.au/cdn/shop/products/210161_1003_HOTFORGESCREWGATECARABINER_Gray_400x.jpg?v=1639716083,22.99
163,0,https://www.blackdiamondequipment.com.au/collections/equipment-climb/products/hotforge-bent-gate-bd210159,www.blackdiamondequipment.com.au/cdn/shop/products/210159_0002_HOTFORGEBENTGATE_Black_400x.jpg?v=1639717560,18.99
164,0,https://www.blackdiamondequipment.com.au/collections/equipment-climb/products/hotforge-straight-gate-bd210158,www.blackdiamondequipment.com.au/cdn/shop/products/210158_0002_HOTFORGESTRAIGHTGATE_Black_400x.jpg?v=1639717546,18.99
165,0,https://www.blackdiamondequipment.com.au/collections/equipment-climb/products/oval-screwgate-carabiner-bd210084-1,www.blackdiamondequipment.com.au/cdn/shop/products/210084_BLAK_Black_OvalScrewgate_Frnt_400x.jpg?v=1639716065,24.99
166,0,https://www.blackdiamondequipment.com.au/collections/equipment-climb/products/rocklock-screwgate-carabiner-bd210256,www.blackdiamondequipment.com.au/cdn/shop/products/210256_0002_ROCKLOCKSCREWGATECARABINER_BLACK_400x.jpg?v=1678782102,26.99
167,0,https://www.blackdiamondequipment.com.au/collections/equipment-climb/products/liteforge-screwgate-carabiner-bd210248,www.blackdiamondequipment.com.au/cdn/shop/products/210248_0002_LITEFORGESCREWGATECARABINER_BLACK_400x.jpg?v=1639717556,24.99
168,0,https://www.blackdiamondequipment.com.au/collections/equipment-climb/products/miniwire-carabiner-bd210235,www.blackdiamondequipment.com.au/cdn/shop/products/210235_3005_MINIWIRECARABINER_GREEN_400x.jpg?v=1716356214,12.99
169,0,https://www.blackdiamondequipment.com.au/collections/equipment-climb/products/litewire-carabiner-bd210234,www.blackdiamondequipment.com.au/cdn/shop/products/210234_6009_LITEWIRECARABINER_RED_400x.jpg?v=1716356302,14.99
170,0,https://www.blackdiamondequipment.com.au/collections/equipment-climb/products/rocklock-twistlock-carabiner-bd210258,www.blackdiamondequipment.com.au/cdn/shop/products/210258_1003_ROCKLOCKTWISTLOCKCARABINER_Gray_400x.jpg?v=1639717588,37.99
171,0,https://www.blackdiamondequipment.com.au/collections/equipment-climb/products/oval-keylock-carabiner-bd210083,www.blackdiamondequipment.com.au/cdn/shop/products/210083_POLS_Polished_Oval_3Qtr_400x.jpg?v=1639716045,20.99
172,0,https://www.blackdiamondequipment.com.au/collections/equipment-climb/products/contact-strap-crampons,www.blackdiamondequipment.com.au/cdn/shop/files/400069_BLAK_CONTACTSTRAPCRAMPONS_BLACK_01_-600x600-950dd6f_400x.png?v=1719298060,299.99
173,0,https://www.blackdiamondequipment.com.au/collections/equipment-climb/products/neve-pro-crampon,www.blackdiamondequipment.com.au/cdn/shop/files/400074_3011_NEVEPROCRAMPONS_EnvyGreen_01_-600x600-950dd6f_400x.png?v=1719298575,274.99
174,0,https://www.blackdiamondequipment.com.au/collections/equipment-climb/products/viper-ice-tool-past-season,www.blackdiamondequipment.com.au/cdn/shop/files/412085_0000_VIPERHAMMER_nocolor_5ec4739b-2a54-4593-8877-4c89e0a40c4c_400x.png?v=1691561781,449.99
175,0,https://www.blackdiamondequipment.com.au/collections/equipment-climb/products/rocklock-screwgate-carabiner-past-season,www.blackdiamondequipment.com.au/cdn/shop/files/210256_1003_ROCKLOCKSCREWGATECARABINER_GRAY_01_-1200x1200-cb0e6d2_ab0295d5-f22e-4880-aebe-f47936e2b8cc_400x.png?v=1691562705,26.99
176,0,https://www.blackdiamondequipment.com.au/collections/equipment-climb/products/vision-helmet-past-season,www.blackdiamondequipment.com.au/cdn/shop/products/620217_4030_VISIONHELMET_StormBlue_400x.jpg?v=1639717595,179.99
