Product ID,Product Name,Product Price,Description,Image URL,Manufacturer,Product URL,Supplier URL
0,Mondo Crash Pad,$679.99,,www.blackdiamondequipment.com.au/cdn/shop/files/550007_0000_MONDO_CRASH_PAD_NO_COLOR_01_0445-600x600-950dd6f_400x.png?v=1720677139,Black Diamond,https://www.blackdiamondequipment.com.au/collections/equipment-climb/products/mondo-crash-pad,https://www.blackdiamondequipment.com.au/collections/equipment-climb
1,Solution Harness - Women's,$159.99,,www.blackdiamondequipment.com.au/cdn/shop/files/651083_3057_W_SOLUTION_HARNESS_Desert_Sage_01_-600x600-950dd6f_400x.png?v=1710734522,Black Diamond,https://www.blackdiamondequipment.com.au/collections/equipment-climb/products/solution-harness-womens,https://www.blackdiamondequipment.com.au/collections/equipment-climb
2,Solution Harness - Men's,$159.99,,www.blackdiamondequipment.com.au/cdn/shop/files/651082_0003_M_SOLUTION_HARNESS_Carbon_01_-600x600-950dd6f_400x.png?v=1710734262,Black Diamond,https://www.blackdiamondequipment.com.au/collections/equipment-climb/products/solution-harness-mens,https://www.blackdiamondequipment.com.au/collections/equipment-climb
3,Mojo Chalk Bag,$25.99,,www.blackdiamondequipment.com.au/cdn/shop/files/630154_4072_MOJO_CHALK_BAG_Glacier_01_0211-600x600-950dd6f_400x.png?v=1710740194,Black Diamond,https://www.blackdiamondequipment.com.au/collections/equipment-climb/products/mojo-chalk-bag,https://www.blackdiamondequipment.com.au/collections/equipment-climb
4,Sewn Anchor System,$52.99,,www.blackdiamondequipment.com.au/cdn/shop/files/380120_8001_SEWN_ANCHOR_SYSTEM_Octane_PRIMARY-600x600-950dd6f_400x.png?v=1724119366,Black Diamond,https://www.blackdiamondequipment.com.au/collections/equipment-climb/products/sewn-anchor-system,https://www.blackdiamondequipment.com.au/collections/equipment-climb
5,Beta Light 30 Backpack,$509.99,,www.blackdiamondequipment.com.au/cdn/shop/files/680023_0040_BETALIGHT_30_BACKPACK_Storm_Gray_01_-600x600-950dd6f_400x.png?v=1714525857,Black Diamond,https://www.blackdiamondequipment.com.au/collections/equipment-climb/products/beta-light-30-backpack,https://www.blackdiamondequipment.com.au/collections/equipment-climb
6,Stick Brush Set,$89.99,,www.blackdiamondequipment.com.au/cdn/shop/files/550853_0002_STICK_BRUSH_SET_BLACK_PRIMARY-600x600-950dd6f_400x.png?v=1720676635,Black Diamond,https://www.blackdiamondequipment.com.au/collections/equipment-climb/products/stick-brush-set,https://www.blackdiamondequipment.com.au/collections/equipment-climb
7,Gym Chalk Bag,$49.99,,www.blackdiamondequipment.com.au/cdn/shop/files/630139_1025_GYM_CHALK_BAG_Gray_Quilt_01_0223-600x600-950dd6f_400x.png?v=1710987119,Black Diamond,https://www.blackdiamondequipment.com.au/collections/equipment-climb/products/gym-chalk-bag,https://www.blackdiamondequipment.com.au/collections/equipment-climb
8,Erratic Crash Pad,$599.99,,www.blackdiamondequipment.com.au/cdn/shop/files/550009_0000_ERRATIC_CRASH_PAD_NO_COLOR_01_-600x600-950dd6f_400x.png?v=1720677679,Black Diamond,https://www.blackdiamondequipment.com.au/collections/equipment-climb/products/erratic-crash-pad,https://www.blackdiamondequipment.com.au/collections/equipment-climb
9,Momentum Harness - Women's,$119.99,,www.blackdiamondequipment.com.au/cdn/shop/files/650006_6028_W_MOMENTUM_HARNESS_Baja_Sunrise_01_-600x600-950dd6f_400x.png?v=1710733757,Black Diamond,https://www.blackdiamondequipment.com.au/collections/equipment-climb/products/momentum-harness-womens,https://www.blackdiamondequipment.com.au/collections/equipment-climb
10,Momentum Harness - Men's,$119.99,,www.blackdiamondequipment.com.au/cdn/shop/files/650005_4015_M_MOMENTUM_HARNESS_Kingfisher_01_-600x600-950dd6f_400x.png?v=1710733014,Black Diamond,https://www.blackdiamondequipment.com.au/collections/equipment-climb/products/momentum-harness-mens,https://www.blackdiamondequipment.com.au/collections/equipment-climb
11,Speed Step Pro Aider,$64.99,,www.blackdiamondequipment.com.au/cdn/shop/files/380005_0000_SPEED_STEP_PRO_AIDER_NO_COLOR_03_-600x600-bc87582_400x.jpg?v=1696579844,Black Diamond,https://www.blackdiamondequipment.com.au/collections/equipment-climb/products/speed-step-pro-aider,https://www.blackdiamondequipment.com.au/collections/equipment-climb
12,Vapor Helmet,$219.99,,www.blackdiamondequipment.com.au/cdn/shop/files/620008_0002_VAPOR_HELMET_Black_01_-600x600-bc87582_400x.jpg?v=1696573174,Black Diamond,https://www.blackdiamondequipment.com.au/collections/equipment-climb/products/vapor-helmet,https://www.blackdiamondequipment.com.au/collections/equipment-climb
13,Method S Climbing Shoes - Men's,$229.99,,www.blackdiamondequipment.com.au/cdn/shop/files/570001_8001_M_METHOD_S_CLIMBING_SHOES_Octane_01_-600x600-bc87582_400x.jpg?v=1696574858,Black Diamond,https://www.blackdiamondequipment.com.au/collections/equipment-climb/products/method-s-climbing-shoes-mens,https://www.blackdiamondequipment.com.au/collections/equipment-climb
14,IAD Gear Sling,$64.99,,www.blackdiamondequipment.com.au/cdn/shop/files/380001_0000_IAD_DOUBLE_GEAR_SLING_NO_COLOR_01_-600x600-bc87582_400x.jpg?v=1696574336,Black Diamond,https://www.blackdiamondequipment.com.au/collections/equipment-climb/products/iad-gear-sling,https://www.blackdiamondequipment.com.au/collections/equipment-climb
15,Heavy Metal Gear Sling,$159.99,,www.blackdiamondequipment.com.au/cdn/shop/files/650003_0000_HEAVY_METAL_GEAR_SLING_NO_COLOR_01_-600x600-bc87582_1_400x.jpg?v=1696572405,Black Diamond,https://www.blackdiamondequipment.com.au/collections/equipment-climb/products/heavy-metal-gear-sling,https://www.blackdiamondequipment.com.au/collections/equipment-climb
16,Stick Brush Replacement - 10pk,$99.99,,www.blackdiamondequipment.com.au/cdn/shop/files/550856_0002_STICK_BRUSH_RPL_SMALL_10_PACK_BLACK_PRIMARY-600x600-950dd6f_400x.png?v=1720676861,Black Diamond,https://www.blackdiamondequipment.com.au/collections/equipment-climb/products/stick-brush-replacement-10pk,https://www.blackdiamondequipment.com.au/collections/equipment-climb
17,Wall Hauler 70 Haul Bag,$449.99,,www.blackdiamondequipment.com.au/cdn/shop/files/810008_1016_WALL_HAULER_70_HAUL_BAG_Pewter_01_-600x600-bc87582_400x.jpg?v=1696572072,Black Diamond,https://www.blackdiamondequipment.com.au/collections/equipment-climb/products/wall-hauler-70-haul-bag,https://www.blackdiamondequipment.com.au/collections/equipment-climb
18,Camalot Z4,$174.99,,www.blackdiamondequipment.com.au/cdn/shop/files/camalotZ4-Spread_cce2fe3d-e901-42db-bdc2-103fd5bdc2de_400x.png?v=1693965384,Black Diamond,https://www.blackdiamondequipment.com.au/collections/equipment-climb/products/camalot-z4-bd26224,https://www.blackdiamondequipment.com.au/collections/equipment-climb
19,Offset Stopper,$26.99,,www.blackdiamondequipment.com.au/cdn/shop/files/225231_0000_OFFSETSTOPPER11_NOCOLOR_01_400x.png?v=1694137531,Black Diamond,https://www.blackdiamondequipment.com.au/collections/equipment-climb/products/offset-stopper,https://www.blackdiamondequipment.com.au/collections/equipment-climb
20,Wired Hexentrics,$28.99,,www.blackdiamondequipment.com.au/cdn/shop/files/220229_0000_WIREDHEXENTRIC9_NOCOLOR_01_-600x600-950dd6f_400x.png?v=1694137061,Black Diamond,https://www.blackdiamondequipment.com.au/collections/equipment-climb/products/wired-hexentrics,https://www.blackdiamondequipment.com.au/collections/equipment-climb
21,Camalot Ultralight,$169.99,,www.blackdiamondequipment.com.au/cdn/shop/files/262164_0000_CAMALOTULTRALIGHT.4_NOCOLOR_02_3d98039b-c60d-47d1-909a-841e2af2968a_400x.png?v=1693964887,Black Diamond,https://www.blackdiamondequipment.com.au/collections/equipment-climb/products/camalot-ultralight-bd2621710000all1,https://www.blackdiamondequipment.com.au/collections/equipment-climb
22,Stoppers,$24.99,,www.blackdiamondequipment.com.au/cdn/shop/files/use_BD2252110000ALL1a_051b2b72-a074-4c4e-98e4-dab4450f8cb5_400x.jpg?v=1693962443,Black Diamond,https://www.blackdiamondequipment.com.au/collections/equipment-climb/products/stoppers-bd2252010000all1,https://www.blackdiamondequipment.com.au/collections/equipment-climb
23,Wall Hauler 140 Haul Bag,$489.99,,www.blackdiamondequipment.com.au/cdn/shop/files/810004_1016_WALL_HAULER_140_HAUL_BAG_Pewter_01_-600x600-bc87582_400x.jpg?v=1696571595,Black Diamond,https://www.blackdiamondequipment.com.au/collections/equipment-climb/products/wall-hauler-140-haul-bag,https://www.blackdiamondequipment.com.au/collections/equipment-climb
24,Momentum Climbing Shoes - Women's- Past Season,$169.99,,www.blackdiamondequipment.com.au/cdn/shop/files/570106_9309_MOMENTUMWCLIMBSHOE_blackalloy_1_0c706765-7f9f-4895-a6a3-5c65198b7ccc_400x.png?v=1691572012,Black Diamond,https://www.blackdiamondequipment.com.au/collections/equipment-climb/products/momentum-climbing-shoes-womens-past-season,https://www.blackdiamondequipment.com.au/collections/equipment-climb
25,Crag Gloves- Past Season,$39.99,,www.blackdiamondequipment.com.au/cdn/shop/files/801863_0002_CRAGGLOVES_Black_3cbd62d5-8aa7-414c-b36b-0637c32bfdf3_400x.jpg?v=1691567114,Black Diamond,https://www.blackdiamondequipment.com.au/collections/equipment-climb/products/crag-gloves-past-season,https://www.blackdiamondequipment.com.au/collections/equipment-climb
26,ATC-Guide Belay/Rappel Device- Past Season,$54.99,,www.blackdiamondequipment.com.au/cdn/shop/files/use_BD6200460002ALL1a_c816972f-2294-4964-b843-556bbd60c891_400x.jpg?v=1691563985,Black Diamond,https://www.blackdiamondequipment.com.au/collections/equipment-climb/products/atc-guide-belay-rappel-device-past-season,https://www.blackdiamondequipment.com.au/collections/equipment-climb
27,Pecker Pitons- Past Season,$37.99,,www.blackdiamondequipment.com.au/cdn/shop/files/use_BD5202180000ALL1a_46c9cbbf-6926-494d-9c75-ba1dd1ff7b12_400x.jpg?v=1691563877,Black Diamond,https://www.blackdiamondequipment.com.au/collections/equipment-climb/products/pecker-pitons-past-season,https://www.blackdiamondequipment.com.au/collections/equipment-climb
28,Wall Hauler 40 Haul Bag,$349.99,,www.blackdiamondequipment.com.au/cdn/shop/files/810003_1016_WALL_HAULER_40_HAUL_BAG_Pewter_01_-600x600-bc87582_400x.jpg?v=1696570987,Black Diamond,https://www.blackdiamondequipment.com.au/collections/equipment-climb/products/wall-hauler-40-haul-bag,https://www.blackdiamondequipment.com.au/collections/equipment-climb
29,HotForge Quickdraw- Past Season,$37.99,,www.blackdiamondequipment.com.au/cdn/shop/files/381115_1004_HOTFORGEQUICKDRAW12cm_LightGray_9510a0d4-2941-4b46-b0e6-014f3f158184_400x.jpg?v=1691563781,Black Diamond,https://www.blackdiamondequipment.com.au/collections/equipment-climb/products/hotforge-quickdraw-past-season,https://www.blackdiamondequipment.com.au/collections/equipment-climb
30,Camalot C4- Past Season,$204.99,,www.blackdiamondequipment.com.au/cdn/shop/files/use_BD2623150000ALL1a_00bf7448-e9fc-4777-bfc5-b5b7d58f900d_400x.jpg?v=1691563630,Black Diamond,https://www.blackdiamondequipment.com.au/collections/equipment-climb/products/camalot-c4-past-season,https://www.blackdiamondequipment.com.au/collections/equipment-climb
31,Miniwire Carabiner- Past Season,$12.99,,www.blackdiamondequipment.com.au/cdn/shop/files/210235_0002_MINIWIRECARABINER_BLACK_01_-1200x1200-28e5ebb_f0caaef6-9a60-4d5e-9d72-93e1f9d8d58d_400x.png?v=1691562615,Black Diamond,https://www.blackdiamondequipment.com.au/collections/equipment-climb/products/miniwire-carabiner-past-season,https://www.blackdiamondequipment.com.au/collections/equipment-climb
32,LiteWire Carabiner- Past Season,$14.99,,www.blackdiamondequipment.com.au/cdn/shop/files/210234_4005_LITEWIRECARABINER_BLUE_42c16e34-510b-464d-805e-c0ad2858b908_400x.jpg?v=1691562521,Black Diamond,https://www.blackdiamondequipment.com.au/collections/equipment-climb/products/litewire-carabiner-past-season,https://www.blackdiamondequipment.com.au/collections/equipment-climb
33,Half Dome Helmet- Past Season,$99.99,,www.blackdiamondequipment.com.au/cdn/shop/files/use_BD620209RAINS_M1a_ac13aadf-1048-4e89-a16d-f23801eff4a8_400x.jpg?v=1691561996,Black Diamond,https://www.blackdiamondequipment.com.au/collections/equipment-climb/products/half-dome-helmet-past-season,https://www.blackdiamondequipment.com.au/collections/equipment-climb
34,Ultralight Ice Screw- Past Season,$154.99,,www.blackdiamondequipment.com.au/cdn/shop/files/490334_0000_UltralightIceScrew22cm_605eae23-d151-4d83-9ad9-69c52b6fe10a_400x.jpg?v=1691561898,Black Diamond,https://www.blackdiamondequipment.com.au/collections/equipment-climb/products/ultralight-ice-screw-past-season,https://www.blackdiamondequipment.com.au/collections/equipment-climb
35,Beta Light 45 Backpack,$549.99,,www.blackdiamondequipment.com.au/cdn/shop/files/680024_0040_BETALIGHT_45_BACKPACK_Storm_Gray_01_-600x600-950dd6f_400x.png?v=1714527075,Black Diamond,https://www.blackdiamondequipment.com.au/collections/equipment-climb/products/beta-light-45-backpack,https://www.blackdiamondequipment.com.au/collections/equipment-climb
36,Beta Light Satellite Bag,$59.99,,www.blackdiamondequipment.com.au/cdn/shop/files/680021_9309_BETALIGHT_PACK_SATTELITE_BAG_Black-Alloy_01_-600x600-950dd6f_400x.png?v=1710987691,Black Diamond,https://www.blackdiamondequipment.com.au/collections/equipment-climb/products/beta-light-satellite-bag,https://www.blackdiamondequipment.com.au/collections/equipment-climb
37,18mm Nylon Daisy Chain- Past Season,$39.99,,www.blackdiamondequipment.com.au/cdn/shop/files/use_BD390013GRAYALL1a_a06ff055-7eed-449e-abb0-b14ec42f6b0e_400x.jpg?v=1691561610,Black Diamond,https://www.blackdiamondequipment.com.au/collections/equipment-climb/products/18mm-nylon-daisy-chain-past-season,https://www.blackdiamondequipment.com.au/collections/equipment-climb
38,Dynex Runners- Past Season,$18.99,,www.blackdiamondequipment.com.au/cdn/shop/files/380021_0000_10MMDYNEXRUNNER30CM_NOCOLOR_01_ed2293ec-cfaa-4194-9ae6-42fee8afaf13_400x.png?v=1691561515,Black Diamond,https://www.blackdiamondequipment.com.au/collections/equipment-climb/products/dynex-runners-past-season,https://www.blackdiamondequipment.com.au/collections/equipment-climb
39,Index Ascender,$149.99,,www.blackdiamondequipment.com.au/cdn/shop/files/620004_0002_INDEX_LEFT_BLACK_01_400x.jpg?v=1690257788,Black Diamond,https://www.blackdiamondequipment.com.au/collections/equipment-climb/products/index-ascender,https://www.blackdiamondequipment.com.au/collections/equipment-climb
40,Long Haul Harness,$269.99,,www.blackdiamondequipment.com.au/cdn/shop/files/650002_0000_LONG_HAUL_HARNESS_NO_COLOR_01_-1200x1200-bd93c0f_400x.jpg?v=1689064365,Black Diamond,https://www.blackdiamondequipment.com.au/collections/equipment-climb/products/long-haul-harness,https://www.blackdiamondequipment.com.au/collections/equipment-climb
41,Pursuit 30 Backpack - Women's,$229.99,,www.blackdiamondequipment.com.au/cdn/shop/files/680016_9493_W_PURSUIT_BACKPACK_30_L_Carbon_Foam_Green_01_-600x600-bc87582_400x.jpg?v=1684995030,Black Diamond,https://www.blackdiamondequipment.com.au/collections/equipment-climb/products/pursuit-30-backpack-womens,https://www.blackdiamondequipment.com.au/collections/equipment-climb
42,Pursuit 30 Backpack,$229.99,,www.blackdiamondequipment.com.au/cdn/shop/files/680015_9494_PURSUIT_BACKPACK_30_L_Octane_Ink_Blue_01_-600x600-bc87582_400x.jpg?v=1684994195,Black Diamond,https://www.blackdiamondequipment.com.au/collections/equipment-climb/products/pursuit-30-backpack,https://www.blackdiamondequipment.com.au/collections/equipment-climb
43,Pursuit 15 Backpack - Women's,$199.99,,www.blackdiamondequipment.com.au/cdn/shop/files/680014_9493_W_PURSUIT_BACKPACK_15_L_Carbon_Foam_Green_01_-600x600-bc87582_400x.jpg?v=1684993175,Black Diamond,https://www.blackdiamondequipment.com.au/collections/equipment-climb/products/pursuit-15-backpack-womens,https://www.blackdiamondequipment.com.au/collections/equipment-climb
44,Pursuit 15 Backpack,$199.99,,www.blackdiamondequipment.com.au/cdn/shop/files/680009_9491_PURSUIT_BACKPACK_15_L_Carbon_Moab_Brown_01_-600x600-bc87582_400x.jpg?v=1684992585,Black Diamond,https://www.blackdiamondequipment.com.au/collections/equipment-climb/products/pursuit-15-backpack,https://www.blackdiamondequipment.com.au/collections/equipment-climb
45,Pursuit 6 Waist Pack,$99.99,,www.blackdiamondequipment.com.au/cdn/shop/files/680008_9494_PURSUIT_WAIST_PACK_6_L_Octane_Ink_Blue_01_-600x600-bc87582_400x.jpg?v=1684986844,Black Diamond,https://www.blackdiamondequipment.com.au/collections/equipment-climb/products/pursuit-6-waist-pack,https://www.blackdiamondequipment.com.au/collections/equipment-climb
46,Circuit Crash Pad,$309.99,,www.blackdiamondequipment.com.au/cdn/shop/files/550813_8008_CIRCUIT_CRASH_PAD_Rust_Orange_01_-600x600-950dd6f_400x.png?v=1710985184,Black Diamond,https://www.blackdiamondequipment.com.au/collections/equipment-climb/products/circuit-crash-pad,https://www.blackdiamondequipment.com.au/collections/equipment-climb
47,Speed 40 Backpack,$319.99,,www.blackdiamondequipment.com.au/cdn/shop/products/681237_7006_SPEED_40_PACK_SULFUR_01_-800x800-dda5ad5_400x.jpg?v=1680078814,Black Diamond,https://www.blackdiamondequipment.com.au/collections/equipment-climb/products/speed-40-backpack-bd681237,https://www.blackdiamondequipment.com.au/collections/equipment-climb
48,Half Dome Helmet - Past Season,$99.99,,www.blackdiamondequipment.com.au/cdn/shop/products/use_BD620209BDORS_M1a_400x.jpg?v=1691562044,Black Diamond,https://www.blackdiamondequipment.com.au/collections/equipment-climb/products/half-dome-helmet-past-season-1,https://www.blackdiamondequipment.com.au/collections/equipment-climb
49,Speed 30 Backpack,$309.99,,www.blackdiamondequipment.com.au/cdn/shop/products/681238_7006_SPEED_30_PACK_SULFUR_01_-800x800-dda5ad5_400x.jpg?v=1680079156,Black Diamond,https://www.blackdiamondequipment.com.au/collections/equipment-climb/products/speed-30-backpack-bd681238,https://www.blackdiamondequipment.com.au/collections/equipment-climb
50,Blitz 28 Backpack,$174.99,,www.blackdiamondequipment.com.au/cdn/shop/products/681247_1000_BLITZ_28_PACK_ALLOY_01_-800x800-dda5ad5_400x.jpg?v=1680138405,Black Diamond,https://www.blackdiamondequipment.com.au/collections/equipment-climb/products/blitz-28-backpack-bd681247,https://www.blackdiamondequipment.com.au/collections/equipment-climb
51,Speedaisy,$109.99,,www.blackdiamondequipment.com.au/cdn/shop/files/620007_8001_SPEEDAISY_OCTANE_01_400x.jpg?v=1696578349,Black Diamond,https://www.blackdiamondequipment.com.au/collections/equipment-climb/products/speedaisy-bd620007,https://www.blackdiamondequipment.com.au/collections/equipment-climb
52,Capitan Helmet,$119.99,,www.blackdiamondequipment.com.au/cdn/shop/products/620221_9296_CAPTAINHELMET_AstralBlack_1-1200x1200-cb0e6d2_400x.png?v=1670830559,Black Diamond,https://www.blackdiamondequipment.com.au/collections/equipment-climb/products/capitan-helmet-bd620221,https://www.blackdiamondequipment.com.au/collections/equipment-climb
53,Couloir Harness,$159.99,,www.blackdiamondequipment.com.au/cdn/shop/products/651155_9103_COULOIR-HARNESS_ULTRA-BLUE-BLACK_01_-1200x1200-cb0e6d2_400x.jpg?v=1670218722,Black Diamond,https://www.blackdiamondequipment.com.au/collections/equipment-climb/products/couloir-harness-bd651155,https://www.blackdiamondequipment.com.au/collections/equipment-climb
54,18mm Nylon Runner,$29.99,,www.blackdiamondequipment.com.au/cdn/shop/products/380114_5000_240CMNYLONSLING_PURPLE_01_-720x720-8ab5165_400x.png?v=1648190888,Black Diamond,https://www.blackdiamondequipment.com.au/collections/equipment-climb/products/18mm-nylon-runner-bd380114,https://www.blackdiamondequipment.com.au/collections/equipment-climb
55,Stone 45 Backpack,$269.99,,www.blackdiamondequipment.com.au/cdn/shop/files/681180_0003_STONE_45_BACKPACK_Carbon_01_-600x600-950dd6f_400x.png?v=1710987976,Black Diamond,https://www.blackdiamondequipment.com.au/collections/equipment-climb/products/stone-45-backpack,https://www.blackdiamondequipment.com.au/collections/equipment-climb
56,Nut Tool,$26.99,,www.blackdiamondequipment.com.au/cdn/shop/products/use_BD6200600000ALL1a_400x.jpg?v=1648198835,Black Diamond,https://www.blackdiamondequipment.com.au/collections/equipment-climb/products/nut-tool-bd620060,https://www.blackdiamondequipment.com.au/collections/equipment-climb
57,Super Chute Rope Bag,$89.99,,www.blackdiamondequipment.com.au/cdn/shop/files/359991_0002_SUPER_CHUTE_ROPE_BAG_Black_01_-600x600-950dd6f_400x.png?v=1710987413,Black Diamond,https://www.blackdiamondequipment.com.au/collections/equipment-climb/products/super-chute-rope-bag,https://www.blackdiamondequipment.com.au/collections/equipment-climb
58,10mm Dynex Runner,$52.99,,www.blackdiamondequipment.com.au/cdn/shop/products/380119_5000_10MMDYNEXRUNNER240CM_PURPLE_01_-720x720-8ab5165_400x.png?v=1648193325,Black Diamond,https://www.blackdiamondequipment.com.au/collections/equipment-climb/products/10mm-dynex-runner-bd380119,https://www.blackdiamondequipment.com.au/collections/equipment-climb
59,ATC - Guide Alpine,$54.99,,www.blackdiamondequipment.com.au/cdn/shop/products/620047_3011_ATCALPINEGUIDE_ENVYGREEN_01_400x.png?v=1646969095,Black Diamond,https://www.blackdiamondequipment.com.au/collections/equipment-climb/products/atc-guide-alpine-bd620047,https://www.blackdiamondequipment.com.au/collections/equipment-climb
60,Speed Step Aider,$54.99,,www.blackdiamondequipment.com.au/cdn/shop/files/380004_0000_SPEED_STEP_AIDER_NO_COLOR_01_400x.jpg?v=1696579609,Black Diamond,https://www.blackdiamondequipment.com.au/collections/equipment-climb/products/speed-step-aider,https://www.blackdiamondequipment.com.au/collections/equipment-climb
61,10mm Dynex Dogbone 12cm 3-Pack,$34.99,,www.blackdiamondequipment.com.au/cdn/shop/products/380100_0000_10MMDYNEXDOGBONE12CM3PACK_NOCOLOR_01_-720x720-8ab5165_400x.png?v=1646724791,Black Diamond,https://www.blackdiamondequipment.com.au/collections/equipment-climb/products/10mm-dynex-dogbone-12cm-3-pack-bd380100,https://www.blackdiamondequipment.com.au/collections/equipment-climb
62,Standard Dogbone 12cm 6-Pack,$46.99,,www.blackdiamondequipment.com.au/cdn/shop/products/380104_0000_STANDARDDOGBONE12CM6PACK_NOCOLOR_01_-720x720-8ab5165_400x.png?v=1646806676,Black Diamond,https://www.blackdiamondequipment.com.au/collections/equipment-climb/products/standard-dogbone-12cm-6-pack-bd380104,https://www.blackdiamondequipment.com.au/collections/equipment-climb
63,Bosun's Chair,$129.99,,www.blackdiamondequipment.com.au/cdn/shop/products/use_BD8104600000ALL1a_400x.jpg?v=1639717561,Black Diamond,https://www.blackdiamondequipment.com.au/collections/equipment-climb/products/bosuns-chair-bd810460,https://www.blackdiamondequipment.com.au/collections/equipment-climb
64,Zion 145 Haul Bag,$479.99,,www.blackdiamondequipment.com.au/cdn/shop/products/use_BD8102800000ALL1a_400x.jpg?v=1639717584,Black Diamond,https://www.blackdiamondequipment.com.au/collections/equipment-climb/products/zion-145-haul-bag-bd810280,https://www.blackdiamondequipment.com.au/collections/equipment-climb
65,Forearm Trainer,$16.99,,www.blackdiamondequipment.com.au/cdn/shop/products/use_BD8001500000ALL1a_400x.jpg?v=1639717532,Black Diamond,https://www.blackdiamondequipment.com.au/collections/equipment-climb/products/forearm-trainer-bd800150,https://www.blackdiamondequipment.com.au/collections/equipment-climb
66,Perch Double Portaledge,"$1,239.00",,www.blackdiamondequipment.com.au/cdn/shop/files/810000_0000_PERCH_DOUBLE_PORTALEDGE_NO_COLOR_01_-600x600-bc87582_400x.jpg?v=1696578958,Black Diamond,https://www.blackdiamondequipment.com.au/collections/equipment-climb/products/perch-double-portaledge,https://www.blackdiamondequipment.com.au/collections/equipment-climb
67,Pipe Dream 45 Pack,$269.99,,www.blackdiamondequipment.com.au/cdn/shop/products/681159_0002_PIPEDREAM45PACK_BLACK_01_-600x600-950dd6f_400x.png?v=1680061751,Black Diamond,https://www.blackdiamondequipment.com.au/collections/equipment-climb/products/pipe-dream-45-pack-ondra-edition-bd681159,https://www.blackdiamondequipment.com.au/collections/equipment-climb
68,Padded Gear Sling,$34.99,,www.blackdiamondequipment.com.au/cdn/shop/products/660012_0000_PADDEDGEARSLING_NOCOLOR_01_400x.png?v=1640162603,Black Diamond,https://www.blackdiamondequipment.com.au/collections/equipment-climb/products/padded-gear-sling-bd660012,https://www.blackdiamondequipment.com.au/collections/equipment-climb
69,Vario Speed Harness,$129.99,,www.blackdiamondequipment.com.au/cdn/shop/products/650075_KFSH_VARIOSPEEDHARNESS_KINGFISHER_01_400x.png?v=1640162222,Black Diamond,https://www.blackdiamondequipment.com.au/collections/equipment-climb/products/vario-speed-harness-bd650075,https://www.blackdiamondequipment.com.au/collections/equipment-climb
70,Vario Chest Harness,$99.99,,www.blackdiamondequipment.com.au/cdn/shop/products/use_BD650074BLAKALL1a_400x.jpg?v=1639717553,Black Diamond,https://www.blackdiamondequipment.com.au/collections/equipment-climb/products/vario-chest-harness-bd650074,https://www.blackdiamondequipment.com.au/collections/equipment-climb
71,Link Personal Anchor System,$94.99,,www.blackdiamondequipment.com.au/cdn/shop/products/use_BD6301510000ALL1a_400x.jpg?v=1639717583,Black Diamond,https://www.blackdiamondequipment.com.au/collections/equipment-climb/products/link-personal-anchor-system-bd630151,https://www.blackdiamondequipment.com.au/collections/equipment-climb
72,Mondo Chalk Pot,$44.99,,www.blackdiamondequipment.com.au/cdn/shop/files/mondo-chalk-pot_400x.jpg?v=1692584552,Black Diamond,https://www.blackdiamondequipment.com.au/collections/equipment-climb/products/mondo-chalk-pot-bd630145,https://www.blackdiamondequipment.com.au/collections/equipment-climb
73,ATC Pilot,$92.99,,www.blackdiamondequipment.com.au/cdn/shop/products/use_BD620078BLAKALL1a_400x.jpg?v=1639717575,Black Diamond,https://www.blackdiamondequipment.com.au/collections/equipment-climb/products/atc-pilot-bd620078,https://www.blackdiamondequipment.com.au/collections/equipment-climb
74,Wiregate Nut Tool,$32.99,,www.blackdiamondequipment.com.au/cdn/shop/products/620062_BLAK_WiregateNuteTool_BLACK_1_400x.png?v=1640161841,Black Diamond,https://www.blackdiamondequipment.com.au/collections/equipment-climb/products/wiregate-nut-tool-bd620062,https://www.blackdiamondequipment.com.au/collections/equipment-climb
75,Fifi Hook,$32.99,,www.blackdiamondequipment.com.au/cdn/shop/products/use_BD6200650000ALL1a_400x.jpg?v=1639717551,Black Diamond,https://www.blackdiamondequipment.com.au/collections/equipment-climb/products/fifi-hook-bd620065,https://www.blackdiamondequipment.com.au/collections/equipment-climb
76,Pulley,$52.99,,www.blackdiamondequipment.com.au/cdn/shop/products/use_BD6200200000ALL1a_400x.jpg?v=1639717545,Black Diamond,https://www.blackdiamondequipment.com.au/collections/equipment-climb/products/pulley-bd620020,https://www.blackdiamondequipment.com.au/collections/equipment-climb
77,Rotor Swivel,$99.99,,www.blackdiamondequipment.com.au/cdn/shop/products/use_BD6200050000ALL1a_400x.jpg?v=1639717559,Black Diamond,https://www.blackdiamondequipment.com.au/collections/equipment-climb/products/rotor-swivel-bd620005,https://www.blackdiamondequipment.com.au/collections/equipment-climb
78,Rope Marker,$16.99,,www.blackdiamondequipment.com.au/cdn/shop/products/550858_0000_ROPE_MARKER_NO_COLOR_2_400x.png?v=1639717568,Black Diamond,https://www.blackdiamondequipment.com.au/collections/equipment-climb/products/rope-marker-bd550858,https://www.blackdiamondequipment.com.au/collections/equipment-climb
79,Mondo Crash Pad - Past Season,$779.99,,www.blackdiamondequipment.com.au/cdn/shop/products/550803_0000_MONDOCRASHPAD_NOCOLOR_01_400x.png?v=1640161625,Black Diamond,https://www.blackdiamondequipment.com.au/collections/equipment-climb/products/mondo-crash-pad-bd550803,https://www.blackdiamondequipment.com.au/collections/equipment-climb
80,Climbing Tape Roll Split,$8.99,,www.blackdiamondequipment.com.au/cdn/shop/products/use_BD5505220000ALL1a_400x.jpg?v=1639717573,Black Diamond,https://www.blackdiamondequipment.com.au/collections/equipment-climb/products/climbing-tape-roll-split-bd550522,https://www.blackdiamondequipment.com.au/collections/equipment-climb
81,Climbing Tape Roll Full,$8.99,,www.blackdiamondequipment.com.au/cdn/shop/products/use_BD5505210000ALL1a_400x.jpg?v=1639717550,Black Diamond,https://www.blackdiamondequipment.com.au/collections/equipment-climb/products/climbing-tape-roll-full-bd550521,https://www.blackdiamondequipment.com.au/collections/equipment-climb
82,Skin Maintenance Kit,$42.99,,www.blackdiamondequipment.com.au/cdn/shop/products/550517_0002_SKINMAINTENANCEKIT_BLACK_01_400x.png?v=1640242668,Black Diamond,https://www.blackdiamondequipment.com.au/collections/equipment-climb/products/skin-maintenance-kit-bd550517,https://www.blackdiamondequipment.com.au/collections/equipment-climb
83,Non-refillable White Gold Chalk Shot,$10.99,,www.blackdiamondequipment.com.au/cdn/shop/products/550504_0000_WHITEGOLDNONREFILLABLECHALKSHOT_NOCOLOR_01_400x.png?v=1640075186,Black Diamond,https://www.blackdiamondequipment.com.au/collections/equipment-climb/products/non-refillable-white-gold-chalk-shot-bd550504,https://www.blackdiamondequipment.com.au/collections/equipment-climb
84,56g White Gold Chalk Block,$4.99,,www.blackdiamondequipment.com.au/cdn/shop/products/550499_0000_WHITEGOLDBLOCKCHALK_NOCOLOR_01_400x.png?v=1640075145,Black Diamond,https://www.blackdiamondequipment.com.au/collections/equipment-climb/products/56g-white-gold-chalk-block-bd550499,https://www.blackdiamondequipment.com.au/collections/equipment-climb
85,Refillable White Gold Chalk Shot,$11.99,,www.blackdiamondequipment.com.au/cdn/shop/products/550498_0000_WHITEGOLDREFILLABLECHALKSHOT_NOCOLOR_01_400x.png?v=1640075227,Black Diamond,https://www.blackdiamondequipment.com.au/collections/equipment-climb/products/refillable-white-gold-chalk-shot-bd550498,https://www.blackdiamondequipment.com.au/collections/equipment-climb
86,Liquid White Gold Chalk,$32.99,,www.blackdiamondequipment.com.au/cdn/shop/products/550493_0000_LIQUIDWHITEGOLDCHALK150ML_NOCOLOR_01_400x.png?v=1640075274,Black Diamond,https://www.blackdiamondequipment.com.au/collections/equipment-climb/products/liquid-white-gold-chalk-bd550493,https://www.blackdiamondequipment.com.au/collections/equipment-climb
87,Cliffhanger Hook,$24.99,,www.blackdiamondequipment.com.au/cdn/shop/products/use_BD5202200000ALL1a_400x.jpg?v=1639717552,Black Diamond,https://www.blackdiamondequipment.com.au/collections/equipment-climb/products/cliffhanger-hook-bd520220,https://www.blackdiamondequipment.com.au/collections/equipment-climb
88,Talon Hook,$37.99,,www.blackdiamondequipment.com.au/cdn/shop/products/use_BD5202000000ALL1a_400x.jpg?v=1639717541,Black Diamond,https://www.blackdiamondequipment.com.au/collections/equipment-climb/products/talon-hook-bd520200,https://www.blackdiamondequipment.com.au/collections/equipment-climb
89,Stick Brush Replacement,$21.99,,www.blackdiamondequipment.com.au/cdn/shop/files/550854_0002_STICK_BRUSH_RPL_SMALL_BLACK_PRIMARY-600x600-950dd6f_400x.png?v=1724119147,Black Diamond,https://www.blackdiamondequipment.com.au/collections/equipment-climb/products/stick-brush-replacement,https://www.blackdiamondequipment.com.au/collections/equipment-climb
90,Axe Protector,$18.99,,www.blackdiamondequipment.com.au/cdn/shop/products/use_BD4130000000ALL1a_400x.jpg?v=1639717529,Black Diamond,https://www.blackdiamondequipment.com.au/collections/equipment-climb/products/axe-protector-bd413000,https://www.blackdiamondequipment.com.au/collections/equipment-climb
91,Viper Ice Tool,$449.99,,www.blackdiamondequipment.com.au/cdn/shop/products/412086_0000_VIPERADZE_NOCOLOR_01_400x.png?v=1678781848,Black Diamond,https://www.blackdiamondequipment.com.au/collections/equipment-climb/products/viper-ice-tool-bd412085,https://www.blackdiamondequipment.com.au/collections/equipment-climb
92,Contact Crampons,$299.99,,www.blackdiamondequipment.com.au/cdn/shop/products/use_BD4000690000ALL1a_400x.jpg?v=1639717579,Black Diamond,https://www.blackdiamondequipment.com.au/collections/equipment-climb/products/contact-crampons-bd400069,https://www.blackdiamondequipment.com.au/collections/equipment-climb
93,10mm Dynex Dogbone 16cm 3-Pack,$39.99,,www.blackdiamondequipment.com.au/cdn/shop/files/380101_0000_10MMDYNEXDOGBONE16CM3PACK_NOCOLOR_01_-600x600-950dd6f_400x.png?v=1694138650,Black Diamond,https://www.blackdiamondequipment.com.au/collections/equipment-climb/products/10mm-dynex-dogbone,https://www.blackdiamondequipment.com.au/collections/equipment-climb
94,MiniWire Rackpack,$74.99,,www.blackdiamondequipment.com.au/cdn/shop/products/381129_0000_MINIWIRERACKPACK_NOCOLOR_400x.jpg?v=1639717538,Black Diamond,https://www.blackdiamondequipment.com.au/collections/equipment-climb/products/miniwire-rackpack-bd381129,https://www.blackdiamondequipment.com.au/collections/equipment-climb
95,LiteWire Rackpack,$84.99,,www.blackdiamondequipment.com.au/cdn/shop/products/381127_0000_LITEWIRERACKPACK_NOCOLOR_400x.jpg?v=1639717579,Black Diamond,https://www.blackdiamondequipment.com.au/collections/equipment-climb/products/litewire-rackpack-bd381127,https://www.blackdiamondequipment.com.au/collections/equipment-climb
96,HotForge Quickpack 12 cm,$219.99,,www.blackdiamondequipment.com.au/cdn/shop/products/381122_1004_HOTFORGEQUICKPACK12cm_LightGray_400x.jpg?v=1639717576,Black Diamond,https://www.blackdiamondequipment.com.au/collections/equipment-climb/products/hotforge-quickpack-12-cm-bd381122,https://www.blackdiamondequipment.com.au/collections/equipment-climb
97,9.2 Climbing Rope - 60m,$409.99,,www.blackdiamondequipment.com.au/cdn/shop/products/323114_8002_9.2_ROPE_60m_Orange_1_400x.png?v=1639717553,Black Diamond,https://www.blackdiamondequipment.com.au/collections/equipment-climb/products/9-2-climbing-rope-60m-bd323114,https://www.blackdiamondequipment.com.au/collections/equipment-climb
98,Offset Stopper Set No. 7-11,$129.99,,www.blackdiamondequipment.com.au/cdn/shop/products/use_BD2252350000ALL1a_400x.jpg?v=1639717553,Black Diamond,https://www.blackdiamondequipment.com.au/collections/equipment-climb/products/offset-stopper-set-7-11-bd225235,https://www.blackdiamondequipment.com.au/collections/equipment-climb
99,Stopper Set No. 4-13,$259.99,,www.blackdiamondequipment.com.au/cdn/shop/products/use_BD2252150000ALL1a_400x.jpg?v=1639717547,Black Diamond,https://www.blackdiamondequipment.com.au/collections/equipment-climb/products/stopper-set-no-4-13-bd225215,https://www.blackdiamondequipment.com.au/collections/equipment-climb
100,Stopper Set Classic No. 5-11,$179.99,,www.blackdiamondequipment.com.au/cdn/shop/products/use_BD2251230000ALL1a_400x.jpg?v=1639717570,Black Diamond,https://www.blackdiamondequipment.com.au/collections/equipment-climb/products/stopper-set-classic-5-11-bd225123,https://www.blackdiamondequipment.com.au/collections/equipment-climb
101,Stopper Set Pro No. 1-13,$319.99,,www.blackdiamondequipment.com.au/cdn/shop/products/use_BD2251220000ALL1a_400x.jpg?v=1639717538,Black Diamond,https://www.blackdiamondequipment.com.au/collections/equipment-climb/products/stopper-set-pro-s17-no-1-13-bd225122,https://www.blackdiamondequipment.com.au/collections/equipment-climb
102,Wired Hexentric® Nut Set No. 4-10,$189.99,,www.blackdiamondequipment.com.au/cdn/shop/products/use_BD2202350000ALL1a_400x.jpg?v=1639717533,Black Diamond,https://www.blackdiamondequipment.com.au/collections/equipment-climb/products/wired-hexentricr-nut-set-no-4-10-2017-bd220235,https://www.blackdiamondequipment.com.au/collections/equipment-climb
103,GridLock Screwgate Carabiner,$44.99,,www.blackdiamondequipment.com.au/cdn/shop/products/use_BD2102780000ALL1a_400x.jpg?v=1639717581,Black Diamond,https://www.blackdiamondequipment.com.au/collections/equipment-climb/products/gridlock-screwgate-carabiner-bd210278,https://www.blackdiamondequipment.com.au/collections/equipment-climb
104,VaporLock Screwgate Carabiner,$32.99,,www.blackdiamondequipment.com.au/cdn/shop/products/use_BD2102770000ALL1a_400x.jpg?v=1639717527,Black Diamond,https://www.blackdiamondequipment.com.au/collections/equipment-climb/products/vaporlock-screwgate-carabiner-bd210277,https://www.blackdiamondequipment.com.au/collections/equipment-climb
105,Sabretooth Crampons,$349.99,,www.blackdiamondequipment.com.au/cdn/shop/products/400045_0000_SABRETOOTHPROCRAMPONS_NOCOLOR_01_400x.png?v=1640161291,Black Diamond,https://www.blackdiamondequipment.com.au/collections/equipment-climb/products/sabretooth-clip-bd4000440000all1-bd,https://www.blackdiamondequipment.com.au/collections/equipment-climb
106,Technician Harness - Women's,$174.99,,www.blackdiamondequipment.com.au/cdn/shop/products/651092_4040_WTECHNICIANHARNESS_BLUENOTE_01_400x.png?v=1640162564,Black Diamond,https://www.blackdiamondequipment.com.au/collections/equipment-climb/products/technician-harness-womens-bd651092,https://www.blackdiamondequipment.com.au/collections/equipment-climb
107,Half Dome Helmet,$99.99,,www.blackdiamondequipment.com.au/cdn/shop/files/620209_8001_HALF_DOME_HELMET_Octane_PRIMARY-600x600-950dd6f_400x.png?v=1724124196,Black Diamond,https://www.blackdiamondequipment.com.au/collections/equipment-climb/products/half-dome-helmet-bd620209,https://www.blackdiamondequipment.com.au/collections/equipment-climb
108,Technician Harness - Men's,$174.99,,www.blackdiamondequipment.com.au/cdn/shop/products/651091_4030_MTECHNICIANHARNESS_STORMBLUE_01__1_400x.png?v=1640065903,Black Diamond,https://www.blackdiamondequipment.com.au/collections/equipment-climb/products/technician-harness-mens-bd651091,https://www.blackdiamondequipment.com.au/collections/equipment-climb
109,Momentum Climbing Shoes - Kid's,$129.99,,www.blackdiamondequipment.com.au/cdn/shop/products/570151_3011_K_MOMENTUM_CLIMB_SHOES_ENVY_GREEN_01_400x.png?v=1639717491,Black Diamond,https://www.blackdiamondequipment.com.au/collections/equipment-climb/products/momentum-climbing-shoes-kids-bd570151,https://www.blackdiamondequipment.com.au/collections/equipment-climb
110,Crag Gloves,$39.99,,www.blackdiamondequipment.com.au/cdn/shop/products/801863_0002_CRAGGLOVES_Black_400x.jpg?v=1639717542,Black Diamond,https://www.blackdiamondequipment.com.au/collections/equipment-climb/products/crag-gloves-bd801863,https://www.blackdiamondequipment.com.au/collections/equipment-climb
111,JiveWires Accessory Carabiner,$3.99,,www.blackdiamondequipment.com.au/cdn/shop/products/use_BD8001950000ALL1a_400x.jpg?v=1639717116,Black Diamond,https://www.blackdiamondequipment.com.au/collections/equipment-climb/products/jivewires-accessory-carabiner-bd8001900000all1-bd,https://www.blackdiamondequipment.com.au/collections/equipment-climb
112,Stone 42 Duffel,$159.99,,www.blackdiamondequipment.com.au/cdn/shop/products/681158_NCKL_STONEDUFFEL45_NICKEL_01_400x.png?v=1640162675,Black Diamond,https://www.blackdiamondequipment.com.au/collections/equipment-climb/products/stone-42-duffel-bd681158,https://www.blackdiamondequipment.com.au/collections/equipment-climb
113,Stonehauler 90L Duffel,$299.99,,www.blackdiamondequipment.com.au/cdn/shop/products/680089_0002_STONEHAULER_90L_DUFFEL_Black_2_400x.png?v=1680156930,Black Diamond,https://www.blackdiamondequipment.com.au/collections/equipment-climb/products/stonehauler-90l-duffel-bd680089,https://www.blackdiamondequipment.com.au/collections/equipment-climb
114,Zone Harness - Women's,$164.99,,www.blackdiamondequipment.com.au/cdn/shop/products/651160_8001_ZONEHARNESSW_Octane_1_400x.png?v=1640065705,Black Diamond,https://www.blackdiamondequipment.com.au/collections/equipment-climb/products/zone-harness-womens-bd651160,https://www.blackdiamondequipment.com.au/collections/equipment-climb
115,Zone Harness - Men's,$164.99,,www.blackdiamondequipment.com.au/cdn/shop/products/651159_7006_ZONEHARNESSM_Sulphur_1_400x.png?v=1640065758,Black Diamond,https://www.blackdiamondequipment.com.au/collections/equipment-climb/products/zone-harness-mens-bd651159,https://www.blackdiamondequipment.com.au/collections/equipment-climb
116,Momentum Harness - Kid's Full Body,$149.99,,www.blackdiamondequipment.com.au/cdn/shop/products/651109_4004_MOMENTUMHARNESS-KIDSFLBODY_Azul_front_400x.jpg?v=1639717059,Black Diamond,https://www.blackdiamondequipment.com.au/collections/equipment-climb/products/momentum-harness-kids-full-body-bd651109,https://www.blackdiamondequipment.com.au/collections/equipment-climb
117,Airnet Harness - Women's,$319.99,,www.blackdiamondequipment.com.au/cdn/shop/products/651108_9139_WAIRNETHARNESS_BLACKAQUAVERDE_01_400x.png?v=1639986013,Black Diamond,https://www.blackdiamondequipment.com.au/collections/equipment-climb/products/airnet-harness-womens-bd651108,https://www.blackdiamondequipment.com.au/collections/equipment-climb
118,Airnet Harness - Men's,$319.99,,www.blackdiamondequipment.com.au/cdn/shop/products/651107_9086_MAIRNETHARNESS_BLACKWHITE_01_400x.png?v=1639985962,Black Diamond,https://www.blackdiamondequipment.com.au/collections/equipment-climb/products/airnet-harness-mens-bd651107,https://www.blackdiamondequipment.com.au/collections/equipment-climb
119,Momentum 4S Harness,$149.99,,www.blackdiamondequipment.com.au/cdn/shop/products/651106_0001_MOMENTUM4SHARNESS_Anthracite_400x.jpg?v=1639717584,Black Diamond,https://www.blackdiamondequipment.com.au/collections/equipment-climb/products/momentum-4s-harness-bd651106,https://www.blackdiamondequipment.com.au/collections/equipment-climb
120,Momentum Harness - Kid's,$99.99,,www.blackdiamondequipment.com.au/cdn/shop/products/651103_4015_MOMENTUMHARNESS-KIDS_Kingfisher_400x.jpg?v=1639717056,Black Diamond,https://www.blackdiamondequipment.com.au/collections/equipment-climb/products/momentum-harness-kids-bd651103,https://www.blackdiamondequipment.com.au/collections/equipment-climb
121,Momentum Harness - Women's Past Season,$129.99,,www.blackdiamondequipment.com.au/cdn/shop/products/651102_3019_MOMENTUMHARNESS-WOMENS_AquaVerde_400x.jpg?v=1639717527,Black Diamond,https://www.blackdiamondequipment.com.au/collections/equipment-climb/products/momentum-harness-womens-bd651102,https://www.blackdiamondequipment.com.au/collections/equipment-climb
122,Solution Harness - Women's Past Season,$164.99,,www.blackdiamondequipment.com.au/cdn/shop/products/651083_1016_SOLUTION_HARNESS_W__Pewter_1_400x.png?v=1639717048,Black Diamond,https://www.blackdiamondequipment.com.au/collections/equipment-climb/products/solution-harness-womens-bd651083,https://www.blackdiamondequipment.com.au/collections/equipment-climb
123,Solution Harness - Men's Past Season,$164.99,,www.blackdiamondequipment.com.au/cdn/shop/products/651082_4002_SOLUTION_HARNESS_M__Astral_Blue_1_400x.png?v=1639717047,Black Diamond,https://www.blackdiamondequipment.com.au/collections/equipment-climb/products/solution-harness-mens-bd651082,https://www.blackdiamondequipment.com.au/collections/equipment-climb
124,Momentum Harness - Men's Past Season,$129.99,,www.blackdiamondequipment.com.au/cdn/shop/products/651101_0001_MOMENTUMHARNESS-MENS_Anthracite_400x.jpg?v=1639992245,Black Diamond,https://www.blackdiamondequipment.com.au/collections/equipment-climb/products/momentum-harness-mens-bd651101,https://www.blackdiamondequipment.com.au/collections/equipment-climb
125,Bod Harness,$124.99,,www.blackdiamondequipment.com.au/cdn/shop/products/650020_0000_BODHARNESS_NOCOLOR_01_400x.png?v=1640162103,Black Diamond,https://www.blackdiamondequipment.com.au/collections/equipment-climb/products/bod-harness-bd6500200000m_1-bd,https://www.blackdiamondequipment.com.au/collections/equipment-climb
126,Mojo Zip Chalk Bag,$29.99,,www.blackdiamondequipment.com.au/cdn/shop/files/630155_6044_MOJO_ZIP_CHALK_BAG_Burnt_Sienna_01_0203-600x600-950dd6f_400x.png?v=1710739973,Black Diamond,https://www.blackdiamondequipment.com.au/collections/equipment-climb/products/mojo-zip-chalk-bag-bd630155,https://www.blackdiamondequipment.com.au/collections/equipment-climb
127,Mojo Chalk Bag - Past Season,$25.99,,www.blackdiamondequipment.com.au/cdn/shop/files/630154_4072_MOJO_CHALK_BAG_Glacier_01_0211-600x600-950dd6f_400x.png?v=1710740194,Black Diamond,https://www.blackdiamondequipment.com.au/collections/equipment-climb/products/mojo-chalk-bag-bd630154_cfg,https://www.blackdiamondequipment.com.au/collections/equipment-climb
128,Gym Chalk Bag - Past Season,$49.99,,www.blackdiamondequipment.com.au/cdn/shop/products/630139_0021_GYM_CHALK_BAG_Cam_Lobe_Print_2_400x.png?v=1716356153,Black Diamond,https://www.blackdiamondequipment.com.au/collections/equipment-climb/products/gym-chalk-bag-bd6301390,https://www.blackdiamondequipment.com.au/collections/equipment-climb
129,Vision Helmet - Mips,$299.99,,www.blackdiamondequipment.com.au/cdn/shop/products/620218_0002_VISIONHELMET-MIPS_Black_400x.jpg?v=1639977238,Black Diamond,https://www.blackdiamondequipment.com.au/collections/equipment-climb/products/vision-helmet-mips-bd620218,https://www.blackdiamondequipment.com.au/collections/equipment-climb
130,Vision Helmet,$179.99,,www.blackdiamondequipment.com.au/cdn/shop/files/620217_6002_VISIONHELMET_HyperRed-600x540-638912e_400x.jpg?v=1717990402,Black Diamond,https://www.blackdiamondequipment.com.au/collections/equipment-climb/products/vision-helmet-bd620217,https://www.blackdiamondequipment.com.au/collections/equipment-climb
131,Vector Helmet,$159.99,,www.blackdiamondequipment.com.au/cdn/shop/products/620213_9137_VECTORHELMET_Alloy-Octane_400x.jpg?v=1639716866,Black Diamond,https://www.blackdiamondequipment.com.au/collections/equipment-climb/products/vector-helmet-bd620213,https://www.blackdiamondequipment.com.au/collections/equipment-climb
132,ATC-XP Belay/Rappel Device,$42.99,,www.blackdiamondequipment.com.au/cdn/shop/products/use_BD620075BLUEALL1a_400x.jpg?v=1639716857,Black Diamond,https://www.blackdiamondequipment.com.au/collections/equipment-climb/products/atc-xp-belayrappel-device-bd620075blakall1-bd,https://www.blackdiamondequipment.com.au/collections/equipment-climb
133,ATC Belay/Rappel Device,$39.99,,www.blackdiamondequipment.com.au/cdn/shop/products/use_BD620073BLAKALL1a_400x.jpg?v=1678776087,Black Diamond,https://www.blackdiamondequipment.com.au/collections/equipment-climb/products/atc-belayrappel-device-bd620073,https://www.blackdiamondequipment.com.au/collections/equipment-climb
134,ATC-Guide Belay/Rappel Device,$54.99,,www.blackdiamondequipment.com.au/cdn/shop/products/use_BD6200460001ALL1a_400x.jpg?v=1686019962,Black Diamond,https://www.blackdiamondequipment.com.au/collections/equipment-climb/products/atc-guide-belayrappel-device-bd620046_cfg,https://www.blackdiamondequipment.com.au/collections/equipment-climb
135,Shadow LV Climbing Shoes,$329.99,,www.blackdiamondequipment.com.au/cdn/shop/products/570117_0002_SHADOWLVCLIMBINGSHOE_Black_3qtr_400x.jpg?v=1639716703,Black Diamond,https://www.blackdiamondequipment.com.au/collections/equipment-climb/products/shadow-lv-climbing-shoes-bd570117,https://www.blackdiamondequipment.com.au/collections/equipment-climb
136,Momentum Climbing Shoes - Women's,$169.99,,www.blackdiamondequipment.com.au/cdn/shop/products/570106_9309_MOMENTUMWCLIMBSHOE_blackalloy_1_400x.png?v=1639978879,Black Diamond,https://www.blackdiamondequipment.com.au/collections/equipment-climb/products/momentum-climbing-shoes-womens-bd5701069,https://www.blackdiamondequipment.com.au/collections/equipment-climb
137,Momentum Climbing Shoes - Men's,$169.99,,www.blackdiamondequipment.com.au/cdn/shop/products/570101_9308_MOMENTUM_M_CLIMB_SHOE_white_black_1_400x.png?v=1639716436,Black Diamond,https://www.blackdiamondequipment.com.au/collections/equipment-climb/products/momentum-climbing-shoes-mens-bd5701019,https://www.blackdiamondequipment.com.au/collections/equipment-climb
138,Small Bouldering Brush,$14.99,,www.blackdiamondequipment.com.au/cdn/shop/products/use_BD5508528002ALL1a_400x.jpg?v=1640230505,Black Diamond,https://www.blackdiamondequipment.com.au/collections/equipment-climb/products/small-bouldering-brush-bd550852_cfg,https://www.blackdiamondequipment.com.au/collections/equipment-climb
139,Medium Bouldering Brush,$19.99,,www.blackdiamondequipment.com.au/cdn/shop/products/use_BD5508510002ALL1a_400x.jpg?v=1639716415,Black Diamond,https://www.blackdiamondequipment.com.au/collections/equipment-climb/products/medium-bouldering-brush-bd550851_cfg,https://www.blackdiamondequipment.com.au/collections/equipment-climb
140,Loose White Gold Chalk,$10.99,,www.blackdiamondequipment.com.au/cdn/shop/products/550503_0000_200GWHITEGOLDLOOSECHALK_NOCOLOR_01_400x.png?v=1640074979,Black Diamond,https://www.blackdiamondequipment.com.au/collections/equipment-climb/products/uncut-white-gold-pure-chalk-bd550502,https://www.blackdiamondequipment.com.au/collections/equipment-climb
141,Ultralight Ice Screw,$154.99,,www.blackdiamondequipment.com.au/cdn/shop/products/490332_0000_UltralightIceScrew16cm_400x.jpg?v=1691561950,Black Diamond,https://www.blackdiamondequipment.com.au/collections/equipment-climb/products/ultralight-ice-screw-bd49033,https://www.blackdiamondequipment.com.au/collections/equipment-climb
142,Express Ice Screw,$109.99,,www.blackdiamondequipment.com.au/cdn/shop/products/490216_0000_EXPRESSICESCREW16CM_NOCOLOR_01_400x.png?v=1678783070,Black Diamond,https://www.blackdiamondequipment.com.au/collections/equipment-climb/products/express-ice-screw-bd4902100000all1-bd,https://www.blackdiamondequipment.com.au/collections/equipment-climb
143,Venom Hammer,$319.99,,www.blackdiamondequipment.com.au/cdn/shop/products/412102_0000_VENOMHAMMER_NOCOLOR_02_400x.png?v=1640073573,Black Diamond,https://www.blackdiamondequipment.com.au/collections/equipment-climb/products/venom-hammer-bd412102,https://www.blackdiamondequipment.com.au/collections/equipment-climb
144,Venom Adze,$289.99,,www.blackdiamondequipment.com.au/cdn/shop/products/412101_0000_VENOMADZE_NOCOLOR_01_400x.png?v=1640073525,Black Diamond,https://www.blackdiamondequipment.com.au/collections/equipment-climb/products/venom-adze-bd412101,https://www.blackdiamondequipment.com.au/collections/equipment-climb
145,Raven Pro Ice Axe,$219.99,,www.blackdiamondequipment.com.au/cdn/shop/products/410171_0000_RAVENPROICEAXE75CM_NOCOLOR_GLAM1_400x.png?v=1639716301,Black Diamond,https://www.blackdiamondequipment.com.au/collections/equipment-climb/products/raven-pro-ice-axe-75-cm-bd410171,https://www.blackdiamondequipment.com.au/collections/equipment-climb
146,Raven Ice Axe With Grip,$229.99,,www.blackdiamondequipment.com.au/cdn/shop/products/410169_0000_RAVENICEAXEWITHGRIP75cm_NOCOLOR_400x.png?v=1639716297,Black Diamond,https://www.blackdiamondequipment.com.au/collections/equipment-climb/products/raven-ice-axe-with-grip-75-cm-bd410169,https://www.blackdiamondequipment.com.au/collections/equipment-climb
147,12mm Dynex Daisy Chain,$109.99,,www.blackdiamondequipment.com.au/cdn/shop/products/use_BD390028RED0ALL1a_400x.jpg?v=1639716288,Black Diamond,https://www.blackdiamondequipment.com.au/collections/equipment-climb/products/12mm-dynex-daisy-chain-bd39002,https://www.blackdiamondequipment.com.au/collections/equipment-climb
148,Team Stone 42 Duffel,$139.99,,www.blackdiamondequipment.com.au/cdn/shop/files/681261_8001_TEAM_STONE_42_DUFFEL_Octane_01_-600x600-950dd6f_400x.png?v=1710988201,Black Diamond,https://www.blackdiamondequipment.com.au/collections/equipment-climb/products/team-stone-42-duffel,https://www.blackdiamondequipment.com.au/collections/equipment-climb
149,18mm Nylon Daisy Chain,$46.99,,www.blackdiamondequipment.com.au/cdn/shop/products/use_BD390013GRAYALL1a_400x.jpg?v=1639716276,Black Diamond,https://www.blackdiamondequipment.com.au/collections/equipment-climb/products/18mm-nylon-daisy-chain-bd39001,https://www.blackdiamondequipment.com.au/collections/equipment-climb
150,PearLock Screwgate Carabiner,$26.99,,www.blackdiamondequipment.com.au/cdn/shop/products/381134_0002_PEARLOCK_SCRWGT_BINER_Black_1_400x.png?v=1639716283,Black Diamond,https://www.blackdiamondequipment.com.au/collections/equipment-climb/products/pearlock-screwgate-carabiner-bd381134,https://www.blackdiamondequipment.com.au/collections/equipment-climb
151,HotForge Hybrid Quickpack,$214.99,,www.blackdiamondequipment.com.au/cdn/shop/products/381123_4005_HOTFORGEHYBRIDQUICKPACK12cm_Blue_400x.jpg?v=1639716281,Black Diamond,https://www.blackdiamondequipment.com.au/collections/equipment-climb/products/hotforge-hybrid-quickpack-bd381123,https://www.blackdiamondequipment.com.au/collections/equipment-climb
152,HotForge Hybrid Quickdraw,$35.99,,www.blackdiamondequipment.com.au/cdn/shop/products/381117_4005_HOTFORGEHYBRIDQUICKDRAW12cm_Blue_400x.jpg?v=1639716279,Black Diamond,https://www.blackdiamondequipment.com.au/collections/equipment-climb/products/hotforge-hybrid-quickdraw-bd381117,https://www.blackdiamondequipment.com.au/collections/equipment-climb
153,HotForge Quickdraw,$38.99,,www.blackdiamondequipment.com.au/cdn/shop/products/381115_1004_HOTFORGEQUICKDRAW12cm_LightGray_400x.jpg?v=1639717549,Black Diamond,https://www.blackdiamondequipment.com.au/collections/equipment-climb/products/hotforge-quickdraw-bd381115,https://www.blackdiamondequipment.com.au/collections/equipment-climb
154,Pecker Pitons,$37.99,,www.blackdiamondequipment.com.au/cdn/shop/products/use_BD5202180000ALL1a_400x.jpg?v=1639716337,Black Diamond,https://www.blackdiamondequipment.com.au/collections/equipment-climb/products/pecker-pitons-bd5202160000all1-bd,https://www.blackdiamondequipment.com.au/collections/equipment-climb
155,Raven Ice Axe,$189.99,,www.blackdiamondequipment.com.au/cdn/shop/products/410168_0000_RAVENICEAXE90cm_NOCOLOR_400x.png?v=1639716295,Black Diamond,https://www.blackdiamondequipment.com.au/collections/equipment-climb/products/raven-ice-axe-90-cm-bd410168,https://www.blackdiamondequipment.com.au/collections/equipment-climb
156,Nylon Runners,$8.99,,www.blackdiamondequipment.com.au/cdn/shop/products/380025_0000_18MMNYLONRUNNER30CM_NOCOLOR_02_400x.png?v=1640232573,Black Diamond,https://www.blackdiamondequipment.com.au/collections/equipment-climb/products/nylon-runners-bd3800260000all1-bd,https://www.blackdiamondequipment.com.au/collections/equipment-climb
157,Dynex Runners,$21.99,,www.blackdiamondequipment.com.au/cdn/shop/products/use_BD3800210000ALL1a_400x.jpg?v=1640235567,Black Diamond,https://www.blackdiamondequipment.com.au/collections/equipment-climb/products/dynex-runners-bd3800220000all1-bd,https://www.blackdiamondequipment.com.au/collections/equipment-climb
158,10.2 Climbing Rope,$409.99,,www.blackdiamondequipment.com.au/cdn/shop/products/323043_TRIB_10.2ROPE_TRIBLUE_01_400x.png?v=1640224909,Black Diamond,https://www.blackdiamondequipment.com.au/collections/equipment-climb/products/10-2-climbing-rope-bd323043,https://www.blackdiamondequipment.com.au/collections/equipment-climb
159,9.9 Climbing Rope,$249.99,,www.blackdiamondequipment.com.au/cdn/shop/products/323040_DUBL_9.9ROPE_DUALBLUE_01_400x.png?v=1640224857,Black Diamond,https://www.blackdiamondequipment.com.au/collections/equipment-climb/products/9-9-climbing-rope-bd323040,https://www.blackdiamondequipment.com.au/collections/equipment-climb
160,9.4 Climbing Rope,$399.99,,www.blackdiamondequipment.com.au/cdn/shop/products/use_BD323021GOLD0701a_400x.jpg?v=1639716239,Black Diamond,https://www.blackdiamondequipment.com.au/collections/equipment-climb/products/9-4-climbing-rope-bd323021,https://www.blackdiamondequipment.com.au/collections/equipment-climb
161,Camalot C4,$149.99,,www.blackdiamondequipment.com.au/cdn/shop/products/262303_0000_CAMALOTC4.3_NOCOLOR_Group_400x.png?v=1640073474,Black Diamond,https://www.blackdiamondequipment.com.au/collections/equipment-climb/products/camalot-c4-bd2623_cfg,https://www.blackdiamondequipment.com.au/collections/equipment-climb
162,HotForge Screwgate Carabiner,$22.99,,www.blackdiamondequipment.com.au/cdn/shop/products/210161_1003_HOTFORGESCREWGATECARABINER_Gray_400x.jpg?v=1639716083,Black Diamond,https://www.blackdiamondequipment.com.au/collections/equipment-climb/products/hotforge-screwgate-carabiner-bd210161,https://www.blackdiamondequipment.com.au/collections/equipment-climb
163,HotForge Bent Gate,$18.99,,www.blackdiamondequipment.com.au/cdn/shop/products/210159_0002_HOTFORGEBENTGATE_Black_400x.jpg?v=1639717560,Black Diamond,https://www.blackdiamondequipment.com.au/collections/equipment-climb/products/hotforge-bent-gate-bd210159,https://www.blackdiamondequipment.com.au/collections/equipment-climb
164,HotForge Straight Gate,$18.99,,www.blackdiamondequipment.com.au/cdn/shop/products/210158_0002_HOTFORGESTRAIGHTGATE_Black_400x.jpg?v=1639717546,Black Diamond,https://www.blackdiamondequipment.com.au/collections/equipment-climb/products/hotforge-straight-gate-bd210158,https://www.blackdiamondequipment.com.au/collections/equipment-climb
165,Oval Screwgate Carabiner,$24.99,,www.blackdiamondequipment.com.au/cdn/shop/products/210084_BLAK_Black_OvalScrewgate_Frnt_400x.jpg?v=1639716065,Black Diamond,https://www.blackdiamondequipment.com.au/collections/equipment-climb/products/oval-screwgate-carabiner-bd210084-1,https://www.blackdiamondequipment.com.au/collections/equipment-climb
166,RockLock Screwgate Carabiner,$26.99,,www.blackdiamondequipment.com.au/cdn/shop/products/210256_0002_ROCKLOCKSCREWGATECARABINER_BLACK_400x.jpg?v=1678782102,Black Diamond,https://www.blackdiamondequipment.com.au/collections/equipment-climb/products/rocklock-screwgate-carabiner-bd210256,https://www.blackdiamondequipment.com.au/collections/equipment-climb
167,LiteForge Screwgate Carabiner,$24.99,,www.blackdiamondequipment.com.au/cdn/shop/products/210248_0002_LITEFORGESCREWGATECARABINER_BLACK_400x.jpg?v=1639717556,Black Diamond,https://www.blackdiamondequipment.com.au/collections/equipment-climb/products/liteforge-screwgate-carabiner-bd210248,https://www.blackdiamondequipment.com.au/collections/equipment-climb
168,Miniwire Carabiner,$12.99,,www.blackdiamondequipment.com.au/cdn/shop/products/210235_3005_MINIWIRECARABINER_GREEN_400x.jpg?v=1716356214,Black Diamond,https://www.blackdiamondequipment.com.au/collections/equipment-climb/products/miniwire-carabiner-bd210235,https://www.blackdiamondequipment.com.au/collections/equipment-climb
169,LiteWire Carabiner,$14.99,,www.blackdiamondequipment.com.au/cdn/shop/products/210234_6009_LITEWIRECARABINER_RED_400x.jpg?v=1716356302,Black Diamond,https://www.blackdiamondequipment.com.au/collections/equipment-climb/products/litewire-carabiner-bd210234,https://www.blackdiamondequipment.com.au/collections/equipment-climb
170,RockLock Twistlock Carabiner,$37.99,,www.blackdiamondequipment.com.au/cdn/shop/products/210258_1003_ROCKLOCKTWISTLOCKCARABINER_Gray_400x.jpg?v=1639717588,Black Diamond,https://www.blackdiamondequipment.com.au/collections/equipment-climb/products/rocklock-twistlock-carabiner-bd210258,https://www.blackdiamondequipment.com.au/collections/equipment-climb
171,Oval Keylock Carabiner,$20.99,,www.blackdiamondequipment.com.au/cdn/shop/products/210083_POLS_Polished_Oval_3Qtr_400x.jpg?v=1639716045,Black Diamond,https://www.blackdiamondequipment.com.au/collections/equipment-climb/products/oval-keylock-carabiner-bd210083,https://www.blackdiamondequipment.com.au/collections/equipment-climb
172,Contact Strap Crampons,$299.99,,www.blackdiamondequipment.com.au/cdn/shop/files/400069_BLAK_CONTACTSTRAPCRAMPONS_BLACK_01_-600x600-950dd6f_400x.png?v=1719298060,Black Diamond,https://www.blackdiamondequipment.com.au/collections/equipment-climb/products/contact-strap-crampons,https://www.blackdiamondequipment.com.au/collections/equipment-climb
173,Neve Pro Crampons,$274.99,,www.blackdiamondequipment.com.au/cdn/shop/files/400074_3011_NEVEPROCRAMPONS_EnvyGreen_01_-600x600-950dd6f_400x.png?v=1719298575,Black Diamond,https://www.blackdiamondequipment.com.au/collections/equipment-climb/products/neve-pro-crampon,https://www.blackdiamondequipment.com.au/collections/equipment-climb
174,Viper Ice Tool- Past Season,$449.99,,www.blackdiamondequipment.com.au/cdn/shop/files/412085_0000_VIPERHAMMER_nocolor_5ec4739b-2a54-4593-8877-4c89e0a40c4c_400x.png?v=1691561781,Black Diamond,https://www.blackdiamondequipment.com.au/collections/equipment-climb/products/viper-ice-tool-past-season,https://www.blackdiamondequipment.com.au/collections/equipment-climb
175,RockLock Screwgate Carabiner- Past Season,$26.99,,www.blackdiamondequipment.com.au/cdn/shop/files/210256_1003_ROCKLOCKSCREWGATECARABINER_GRAY_01_-1200x1200-cb0e6d2_ab0295d5-f22e-4880-aebe-f47936e2b8cc_400x.png?v=1691562705,Black Diamond,https://www.blackdiamondequipment.com.au/collections/equipment-climb/products/rocklock-screwgate-carabiner-past-season,https://www.blackdiamondequipment.com.au/collections/equipment-climb
176,Vision Helmet - Past Season,$179.99,,www.blackdiamondequipment.com.au/cdn/shop/products/620217_4030_VISIONHELMET_StormBlue_400x.jpg?v=1639717595,Black Diamond,https://www.blackdiamondequipment.com.au/collections/equipment-climb/products/vision-helmet-past-season,https://www.blackdiamondequipment.com.au/collections/equipment-climb
